student_id,attendance,internal_marks,study_hours,previous_performance,assignment_score,result
S00001,88.2,67.7,3.6,66.5,57.2,Fail
S00002,83.4,62.3,2.1,54.0,58.0,Pass
S00003,88.4,55.0,3.7,66.7,56.7,Pass
S00004,86.4,69.0,3.4,78.2,65.0,Pass
S00005,74.7,52.9,4.5,50.5,49.4,Pass
S00006,74.4,51.3,2.8,40.5,52.1,Fail
S00007,83.0,79.3,1.9,52.8,74.8,Pass
S00008,81.9,43.8,3.9,66.8,55.7,Fail
S00009,64.4,45.5,6.8,58.8,39.1,Pass
S00010,66.7,62.8,4.8,60.9,41.6,Fail
S00011,71.9,80.3,2.4,80.7,72.1,Pass
S00012,91.6,68.4,3.3,62.0,65.2,Pass
S00013,93.7,67.7,3.3,54.3,53.0,Fail
S00014,59.0,81.4,3.8,90.7,95.3,Pass
S00015,94.4,59.1,4.1,73.3,78.3,Pass
S00016,75.0,47.6,2.6,54.6,59.2,Fail
S00017,89.2,68.5,2.4,61.2,71.2,Pass
S00018,79.8,63.2,4.3,52.9,56.3,Pass
S00019,94.9,59.4,2.4,63.6,58.7,Pass
S00020,80.6,60.5,2.4,73.2,76.8,Pass
S00021,64.1,58.7,2.1,57.6,73.9,Pass
S00022,75.2,60.8,3.9,69.4,39.7,Pass
S00023,88.1,74.5,4.0,73.5,77.2,Pass
S00024,75.6,55.9,4.6,55.6,68.6,Pass
S00025,83.1,71.7,2.3,58.4,59.4,Fail
S00026,75.5,54.1,1.9,40.1,86.3,Pass
S00027,73.6,65.1,3.0,69.7,91.4,Pass
S00028,69.9,50.1,3.2,67.8,64.5,Pass
S00029,75.4,59.6,3.8,76.9,66.5,Pass
S00030,82.4,72.4,1.8,53.5,65.4,Fail
S00031,67.1,86.7,5.3,95.4,74.7,Pass
S00032,68.0,65.3,2.2,69.5,53.1,Pass
S00033,57.0,63.8,2.4,72.3,67.8,Pass
S00034,69.8,76.7,4.8,58.2,81.5,Pass
S00035,91.8,61.2,1.5,80.3,87.2,Pass
S00036,72.8,57.1,4.4,63.4,82.6,Fail
S00037,84.7,51.1,3.7,71.2,39.1,Pass
S00038,100.0,47.8,2.2,51.7,39.7,Pass
S00039,88.5,45.1,2.5,44.3,71.7,Fail
S00040,82.6,70.2,5.9,62.1,88.2,Pass
S00041,89.3,82.9,8.0,72.7,77.3,Pass
S00042,66.5,84.0,5.4,63.7,66.6,Pass
S00043,60.5,61.8,6.5,63.3,75.9,Fail
S00044,80.1,87.2,2.6,52.4,75.8,Pass
S00045,82.9,60.5,1.8,48.6,79.2,Fail
S00046,89.4,48.3,3.3,79.9,47.4,Fail
S00047,77.3,82.1,5.1,81.7,76.0,Pass
S00048,81.5,46.3,1.6,58.9,86.9,Pass
S00049,83.0,61.7,2.5,72.1,76.6,Pass
S00050,74.5,69.0,2.4,75.5,76.8,Pass
S00051,79.5,64.7,4.0,72.2,68.5,Fail
S00052,73.4,67.0,3.9,73.0,71.7,Pass
S00053,73.1,37.0,2.0,62.4,70.8,Fail
S00054,79.5,59.8,3.4,56.8,56.4,Pass
S00055,72.5,68.8,2.0,62.0,54.3,Fail
S00056,82.4,57.1,2.6,60.1,56.2,Pass
S00057,86.9,51.9,1.9,61.2,64.3,Fail
S00058,90.6,64.4,3.8,76.1,59.2,Pass
S00059,63.4,46.4,2.2,58.8,67.7,Fail
S00060,83.5,76.2,4.9,75.0,71.1,Pass
S00061,64.5,50.5,2.7,41.8,63.2,Fail
S00062,76.4,51.6,2.9,69.9,40.6,Fail
S00063,71.3,41.9,6.9,59.0,76.5,Pass
S00064,92.3,72.9,4.2,69.4,84.7,Pass
S00065,88.5,60.6,3.1,69.8,75.8,Pass
S00066,92.1,77.6,2.9,76.2,72.0,Pass
S00067,86.8,51.9,2.0,44.5,72.9,Fail
S00068,72.6,48.5,3.1,69.6,76.5,Pass
S00069,75.6,72.7,4.2,67.8,77.8,Pass
S00070,93.4,85.4,1.5,74.9,71.1,Pass
S00071,71.8,58.5,1.6,50.4,74.9,Fail
S00072,59.2,53.6,2.3,55.4,66.2,Fail
S00073,84.3,57.9,1.9,74.3,50.7,Pass
S00074,82.1,49.8,3.6,68.1,83.3,Pass
S00075,92.7,52.8,3.6,78.0,65.7,Pass
S00076,83.7,43.8,3.4,72.6,71.3,Fail
S00077,76.8,76.7,3.9,65.8,64.1,Pass
S00078,92.9,80.2,2.7,68.0,77.7,Pass
S00079,65.4,73.0,3.5,79.0,89.5,Pass
S00080,70.1,61.4,2.1,57.3,64.1,Fail
S00081,69.2,51.4,3.9,61.6,88.1,Fail
S00082,56.4,54.4,3.1,54.5,63.1,Fail
S00083,85.2,77.9,2.0,63.6,78.6,Pass
S00084,71.5,60.7,3.0,60.6,65.4,Pass
S00085,82.3,45.8,2.8,61.4,52.1,Fail
S00086,84.2,49.6,4.0,81.7,90.4,Fail
S00087,82.5,72.7,3.6,53.3,56.3,Fail
S00088,75.1,62.4,2.5,59.7,59.0,Pass
S00089,73.9,49.5,4.8,57.9,55.8,Fail
S00090,81.5,57.8,4.3,87.6,83.0,Pass
S00091,89.5,56.2,2.7,74.6,87.1,Pass
S00092,75.0,60.7,2.1,69.3,69.3,Pass
S00093,69.0,61.1,2.4,50.6,52.3,Fail
S00094,67.7,57.1,1.8,65.3,65.4,Fail
S00095,73.3,54.9,2.9,55.2,50.6,Fail
S00096,66.5,50.0,4.4,50.8,44.5,Fail
S00097,71.9,61.3,5.0,63.4,51.2,Pass
S00098,71.5,49.8,1.9,77.1,64.4,Fail
S00099,75.3,98.1,4.8,61.4,62.3,Pass
S00100,72.2,48.6,3.1,49.0,62.7,Fail
S00101,82.4,50.1,1.2,55.0,44.0,Pass
S00102,100.0,64.8,3.4,91.6,93.5,Pass
S00103,84.2,57.4,2.7,71.8,59.2,Fail
S00104,95.7,52.4,5.9,71.5,80.7,Pass
S00105,66.7,57.1,2.1,57.9,61.4,Pass
S00106,59.6,41.5,4.1,57.1,68.9,Fail
S00107,74.3,55.6,2.8,65.2,46.9,Fail
S00108,85.2,45.9,1.8,59.7,55.3,Fail
S00109,88.3,67.1,3.0,71.3,64.0,Pass
S00110,83.0,52.8,4.9,55.7,53.9,Fail
S00111,58.5,90.8,3.3,68.3,83.5,Pass
S00112,90.8,54.2,4.9,66.1,72.4,Pass
S00113,79.7,55.8,4.3,60.7,52.0,Fail
S00114,57.8,41.8,2.3,59.9,56.6,Fail
S00115,85.6,54.8,2.0,80.9,65.6,Fail
S00116,78.3,50.6,2.0,66.3,58.4,Pass
S00117,83.2,73.7,6.1,75.1,67.5,Pass
S00118,87.8,58.2,3.5,64.5,74.4,Fail
S00119,88.8,100.0,2.0,74.3,69.6,Pass
S00120,60.5,65.0,4.5,69.5,60.5,Fail
S00121,73.4,42.9,1.4,58.3,69.3,Fail
S00122,65.3,60.9,2.4,55.3,72.4,Fail
S00123,85.5,56.9,3.5,65.1,81.5,Pass
S00124,96.3,84.2,10.0,77.5,91.3,Pass
S00125,67.5,54.1,5.1,69.1,57.2,Pass
S00126,73.6,52.6,2.9,82.1,71.7,Fail
S00127,76.8,70.9,4.0,83.3,70.9,Pass
S00128,66.1,58.7,4.1,67.2,44.5,Pass
S00129,80.2,69.6,5.4,62.5,52.9,Pass
S00130,68.1,68.4,2.7,58.4,56.1,Pass
S00131,83.2,64.7,2.9,54.4,60.0,Pass
S00132,83.0,49.0,2.0,53.7,49.6,Fail
S00133,91.0,77.2,4.7,71.8,70.4,Pass
S00134,67.6,49.1,4.9,52.1,91.0,Fail
S00135,85.5,30.1,1.3,48.1,36.8,Fail
S00136,87.9,57.8,2.5,54.1,71.1,Fail
S00137,93.7,55.7,2.1,72.4,68.0,Pass
S00138,80.8,70.3,3.9,77.5,67.2,Pass
S00139,80.0,83.2,2.6,78.9,58.4,Pass
S00140,81.5,93.3,2.8,96.3,95.1,Pass
S00141,69.9,76.6,5.5,68.2,53.3,Pass
S00142,73.8,62.1,2.7,32.2,67.9,Pass
S00143,77.7,44.7,2.5,42.6,69.7,Fail
S00144,91.4,61.0,4.1,77.8,54.0,Pass
S00145,70.2,56.4,4.4,44.1,72.9,Fail
S00146,76.6,52.9,2.7,63.2,63.3,Pass
S00147,74.8,55.2,2.6,74.2,38.9,Fail
S00148,71.4,88.5,2.8,58.1,51.9,Pass
S00149,89.5,75.0,5.9,75.6,75.6,Pass
S00150,82.8,69.1,3.3,56.1,71.5,Fail
S00151,79.6,54.2,2.9,78.7,47.7,Pass
S00152,77.5,63.6,3.4,56.0,58.9,Pass
S00153,74.5,54.9,5.6,51.3,63.0,Pass
S00154,82.4,66.2,3.2,73.4,73.4,Pass
S00155,71.2,64.7,3.0,71.3,61.1,Pass
S00156,93.5,90.4,9.0,74.3,83.4,Pass
S00157,81.7,77.3,5.8,61.6,78.6,Pass
S00158,77.2,75.3,6.0,79.1,82.3,Pass
S00159,79.1,57.1,2.6,56.1,72.1,Fail
S00160,75.8,60.9,2.2,37.0,58.8,Fail
S00161,84.8,44.5,1.4,56.9,58.1,Fail
S00162,66.9,48.7,4.5,46.6,63.8,Pass
S00163,98.6,82.7,4.5,99.2,72.9,Pass
S00164,75.4,37.3,1.5,60.1,72.2,Fail
S00165,75.8,79.5,6.0,65.7,55.4,Pass
S00166,67.3,44.5,2.6,51.8,54.1,Fail
S00167,72.5,67.0,3.4,58.0,72.3,Pass
S00168,64.0,64.5,1.9,59.9,73.9,Pass
S00169,84.3,61.9,4.0,73.4,72.0,Pass
S00170,96.1,59.1,4.0,85.0,81.9,Pass
S00171,59.1,56.1,3.0,66.4,62.2,Pass
S00172,71.3,66.6,3.0,69.2,61.4,Pass
S00173,83.8,54.1,9.0,58.2,61.2,Pass
S00174,68.8,43.4,1.8,46.7,53.8,Pass
S00175,81.4,61.9,2.1,72.4,62.5,Pass
S00176,76.6,43.0,4.5,65.9,55.6,Fail
S00177,79.9,75.9,2.7,98.6,75.4,Pass
S00178,74.9,59.7,2.2,79.5,84.8,Pass
S00179,57.3,66.2,5.1,49.8,67.1,Pass
S00180,67.1,50.8,4.4,62.8,56.6,Fail
S00181,92.2,70.3,4.8,72.0,71.6,Pass
S00182,90.2,64.0,3.7,67.3,43.3,Pass
S00183,89.7,70.1,2.4,61.8,62.4,Pass
S00184,87.0,76.9,3.4,100.0,91.8,Pass
S00185,60.6,54.9,3.4,60.5,56.2,Fail
S00186,79.3,72.6,5.7,81.8,61.2,Pass
S00187,91.2,73.8,4.0,73.0,60.2,Pass
S00188,88.5,39.0,2.0,55.0,67.2,Fail
S00189,85.7,49.2,3.8,54.6,74.7,Fail
S00190,83.2,78.6,2.1,71.8,82.7,Pass
S00191,72.2,75.4,3.6,82.4,64.4,Pass
S00192,75.9,89.0,2.1,68.8,64.5,Pass
S00193,76.6,55.1,2.2,65.4,82.7,Fail
S00194,98.2,81.5,8.6,84.1,73.1,Pass
S00195,76.6,44.6,1.6,68.3,59.6,Fail
S00196,73.1,59.9,2.1,66.1,62.2,Pass
S00197,82.1,78.1,4.4,72.4,53.8,Pass
S00198,81.0,53.2,2.6,52.3,74.0,Fail
S00199,84.4,62.4,3.5,60.7,75.2,Pass
S00200,71.1,52.3,5.8,62.6,43.2,Fail
S00201,68.6,54.5,4.5,71.2,54.0,Pass
S00202,96.3,87.0,3.3,74.5,65.5,Pass
S00203,64.6,58.2,3.2,58.7,74.8,Pass
S00204,95.7,44.4,4.5,61.5,62.4,Pass
S00205,52.8,61.6,3.3,33.2,55.7,Fail
S00206,72.7,54.3,3.3,63.5,63.7,Pass
S00207,84.3,52.4,3.4,45.7,60.7,Fail
S00208,73.8,68.2,3.3,46.4,62.7,Pass
S00209,60.2,53.2,2.9,54.7,62.7,Fail
S00210,81.4,58.1,2.5,51.4,63.4,Fail
S00211,83.1,59.1,5.0,77.5,76.1,Pass
S00212,71.4,33.6,3.2,60.5,58.9,Fail
S00213,70.6,61.6,1.4,61.5,63.9,Pass
S00214,75.4,62.1,2.2,57.9,57.9,Fail
S00215,71.8,63.0,2.6,67.7,84.1,Pass
S00216,100.0,67.6,3.5,68.8,68.4,Pass
S00217,77.9,68.3,5.8,64.1,84.7,Pass
S00218,80.8,56.9,10.0,88.4,68.1,Pass
S00219,73.0,66.3,1.2,72.3,73.7,Pass
S00220,91.8,58.0,3.4,65.0,80.4,Pass
S00221,62.3,81.1,3.3,72.0,60.7,Pass
S00222,83.1,65.4,3.2,51.0,60.5,Fail
S00223,77.2,55.0,4.2,79.3,62.6,Pass
S00224,57.5,52.2,3.1,59.6,58.0,Fail
S00225,71.7,60.5,2.9,75.6,70.1,Fail
S00226,82.6,69.6,3.5,71.4,67.2,Pass
S00227,81.0,87.2,5.7,89.1,79.4,Pass
S00228,88.4,67.9,5.1,80.5,100.0,Pass
S00229,90.8,38.1,3.2,61.5,57.7,Pass
S00230,79.4,63.0,2.5,60.7,57.2,Pass
S00231,59.6,63.3,8.5,60.4,64.6,Fail
S00232,68.5,58.2,3.6,46.9,71.0,Pass
S00233,75.1,74.4,4.7,64.1,83.6,Pass
S00234,80.5,84.9,3.2,94.6,95.6,Pass
S00235,75.1,58.8,3.3,54.0,64.5,Fail
S00236,79.2,48.4,3.3,58.0,58.2,Pass
S00237,85.9,44.6,1.2,39.0,30.0,Fail
S00238,75.2,73.8,2.4,67.4,54.7,Pass
S00239,62.9,58.3,2.2,50.1,60.7,Fail
S00240,87.0,65.6,2.4,59.6,49.4,Pass
S00241,86.7,49.9,1.9,65.5,42.5,Fail
S00242,80.7,60.0,3.3,59.1,66.0,Fail
S00243,67.8,45.0,4.7,57.0,61.9,Fail
S00244,78.0,48.5,2.9,59.9,52.8,Pass
S00245,85.3,95.3,2.7,94.3,91.0,Pass
S00246,53.5,26.7,1.9,55.6,63.5,Fail
S00247,79.7,52.9,2.5,84.2,70.6,Fail
S00248,93.7,79.7,2.4,91.7,100.0,Pass
S00249,100.0,76.6,5.4,95.0,100.0,Pass
S00250,67.2,58.7,4.9,47.9,65.6,Pass
S00251,79.6,52.1,2.5,61.8,58.4,Fail
S00252,82.5,62.6,3.6,81.4,69.1,Pass
S00253,86.3,98.4,3.5,96.4,95.4,Pass
S00254,76.0,64.0,2.3,69.9,49.2,Pass
S00255,77.2,66.6,3.5,70.6,80.0,Pass
S00256,83.8,74.3,2.8,62.1,69.7,Pass
S00257,87.1,65.4,2.5,74.1,71.6,Pass
S00258,88.2,79.9,1.7,51.8,54.5,Fail
S00259,69.9,70.0,3.4,51.9,50.7,Fail
S00260,71.0,42.2,4.3,55.7,53.1,Pass
S00261,73.6,46.4,4.3,68.4,78.4,Pass
S00262,72.3,66.3,5.8,71.4,56.5,Pass
S00263,62.3,64.6,2.6,72.4,85.2,Pass
S00264,76.2,43.0,4.4,65.6,55.8,Fail
S00265,85.0,71.9,2.3,61.7,57.8,Pass
S00266,81.5,69.9,5.0,74.2,76.0,Pass
S00267,79.5,69.9,6.5,54.3,74.5,Pass
S00268,84.0,70.9,4.2,51.8,70.6,Pass
S00269,91.5,57.3,6.5,72.9,68.0,Pass
S00270,71.7,69.5,2.6,59.5,83.4,Pass
S00271,64.0,51.0,2.9,67.1,61.9,Fail
S00272,79.4,61.6,2.4,78.5,63.2,Pass
S00273,95.0,56.6,3.3,59.8,53.0,Pass
S00274,75.6,94.5,4.8,90.0,94.8,Pass
S00275,90.6,75.1,4.1,74.4,72.6,Pass
S00276,90.5,80.8,2.9,53.5,65.2,Pass
S00277,53.6,74.0,2.5,60.2,72.0,Pass
S00278,77.1,44.8,3.3,51.9,80.3,Fail
S00279,88.8,44.4,3.6,72.9,77.2,Pass
S00280,77.0,76.2,2.2,85.5,66.4,Pass
S00281,73.0,64.1,1.6,57.1,69.4,Pass
S00282,66.7,37.5,2.1,53.6,48.6,Pass
S00283,79.7,65.8,2.1,65.7,68.8,Pass
S00284,76.4,63.1,2.5,78.0,65.4,Pass
S00285,68.7,65.7,2.4,58.6,67.9,Pass
S00286,73.6,60.2,3.0,65.0,61.7,Pass
S00287,90.4,78.7,2.6,60.2,82.6,Pass
S00288,66.4,68.6,8.0,59.8,65.1,Pass
S00289,60.3,57.0,1.9,71.4,59.9,Pass
S00290,89.1,58.0,5.3,80.4,79.1,Pass
S00291,76.0,66.4,3.0,67.9,64.4,Fail
S00292,75.5,72.9,2.6,59.6,65.7,Pass
S00293,83.6,87.2,5.1,82.2,76.9,Pass
S00294,70.7,35.9,2.0,64.0,63.6,Pass
S00295,72.0,62.5,2.3,64.8,67.6,Fail
S00296,84.1,70.7,7.0,80.3,80.8,Pass
S00297,71.2,61.9,1.4,62.2,65.6,Pass
S00298,74.8,47.8,2.9,62.3,75.2,Pass
S00299,51.6,38.0,2.9,55.6,56.0,Fail
S00300,90.5,63.6,6.1,72.4,77.9,Pass
S00301,84.0,86.2,3.5,74.9,88.8,Pass
S00302,79.0,61.3,7.9,45.2,44.8,Pass
S00303,86.4,57.3,5.0,82.3,73.0,Pass
S00304,82.5,53.7,1.2,73.4,74.0,Pass
S00305,77.2,58.7,1.8,78.6,77.7,Pass
S00306,74.8,61.1,3.2,72.2,72.1,Pass
S00307,68.0,54.4,2.0,64.2,64.7,Pass
S00308,71.8,71.0,4.9,75.0,92.0,Pass
S00309,80.3,54.1,3.0,83.0,63.0,Pass
S00310,79.7,84.5,2.6,87.8,62.2,Pass
S00311,95.9,72.6,2.6,68.1,71.4,Pass
S00312,83.9,60.5,4.9,61.0,82.1,Pass
S00313,79.4,76.9,1.8,86.0,66.7,Pass
S00314,76.3,78.7,5.3,68.4,53.2,Pass
S00315,83.3,60.6,5.7,73.2,53.2,Pass
S00316,76.0,51.5,2.8,72.6,71.9,Pass
S00317,81.6,76.5,1.9,73.2,50.8,Pass
S00318,76.2,57.1,3.8,71.3,67.0,Pass
S00319,68.0,79.3,3.1,58.2,69.5,Pass
S00320,54.4,55.9,1.6,57.6,49.2,Fail
S00321,76.7,70.1,7.9,79.1,60.8,Pass
S00322,83.2,57.6,2.3,51.0,66.9,Pass
S00323,80.3,82.7,2.1,70.9,66.2,Pass
S00324,92.6,82.1,4.1,65.5,71.3,Pass
S00325,85.5,91.5,4.1,82.6,83.4,Pass
S00326,93.6,57.8,6.6,86.7,77.9,Pass
S00327,83.1,61.4,2.3,69.4,64.9,Pass
S00328,87.9,58.7,2.8,58.3,67.3,Pass
S00329,62.9,44.1,3.3,60.0,46.2,Fail
S00330,73.8,56.3,3.4,66.2,67.4,Fail
S00331,95.4,85.9,4.4,83.0,83.9,Pass
S00332,83.8,74.6,4.0,75.2,68.6,Pass
S00333,81.2,53.7,3.2,62.3,57.9,Pass
S00334,59.4,61.9,2.5,71.5,85.6,Pass
S00335,95.8,64.7,4.7,75.9,52.2,Fail
S00336,64.8,45.5,2.5,45.9,62.7,Fail
S00337,58.1,49.3,4.2,66.9,72.6,Pass
S00338,75.7,70.2,6.0,76.5,64.5,Pass
S00339,60.8,73.2,2.9,79.1,72.4,Pass
S00340,70.9,54.7,9.4,81.3,66.0,Pass
S00341,92.6,49.9,1.9,47.0,49.6,Fail
S00342,74.3,61.0,2.6,70.5,77.9,Pass
S00343,66.2,80.0,4.2,67.7,64.4,Pass
S00344,80.8,52.5,4.2,52.2,100.0,Pass
S00345,73.3,76.5,4.2,79.8,72.6,Pass
S00346,77.8,36.2,3.6,41.6,66.2,Fail
S00347,68.3,47.4,3.4,50.4,67.7,Fail
S00348,83.6,63.6,8.2,83.8,71.4,Pass
S00349,62.4,66.1,2.7,56.1,70.7,Fail
S00350,100.0,78.5,2.8,79.0,59.2,Pass
S00351,84.8,58.4,2.8,64.4,73.2,Pass
S00352,81.0,52.3,4.5,76.2,64.3,Pass
S00353,74.2,39.9,3.8,69.5,57.2,Fail
S00354,76.6,65.2,4.0,66.2,66.6,Pass
S00355,75.5,66.7,2.7,75.6,63.2,Fail
S00356,72.9,62.9,5.3,75.6,49.7,Pass
S00357,94.5,41.9,7.4,51.3,71.9,Pass
S00358,75.2,64.6,3.5,67.9,67.2,Pass
S00359,56.3,65.3,6.2,54.5,56.6,Fail
S00360,66.3,78.3,4.6,63.5,73.2,Pass
S00361,86.5,42.1,7.9,60.3,69.8,Pass
S00362,75.1,58.4,4.2,70.6,65.8,Fail
S00363,81.6,63.7,4.0,91.7,100.0,Pass
S00364,85.2,54.4,4.1,53.7,69.5,Fail
S00365,68.5,49.3,2.7,67.4,91.6,Fail
S00366,90.1,94.4,4.7,96.6,72.1,Pass
S00367,68.1,56.4,5.2,54.5,63.4,Fail
S00368,80.9,53.9,4.2,74.3,46.7,Pass
S00369,76.0,81.3,3.4,67.9,63.9,Pass
S00370,80.1,70.9,4.0,89.1,65.7,Pass
S00371,86.2,67.2,4.5,72.6,98.6,Pass
S00372,90.6,67.9,5.2,80.6,68.0,Fail
S00373,80.8,57.1,5.0,73.1,69.6,Pass
S00374,75.6,64.7,4.2,68.2,56.2,Fail
S00375,95.0,90.7,2.6,71.6,75.8,Pass
S00376,93.0,91.7,3.4,94.7,72.9,Pass
S00377,74.5,63.9,3.9,64.0,74.5,Pass
S00378,64.8,33.9,3.6,45.2,32.3,Fail
S00379,94.0,87.6,5.4,78.3,76.1,Pass
S00380,77.4,44.7,2.4,70.5,42.7,Pass
S00381,76.1,47.9,3.2,77.6,61.4,Fail
S00382,85.0,69.7,2.4,72.0,72.2,Pass
S00383,75.7,67.8,1.6,45.8,48.0,Fail
S00384,73.2,70.6,2.9,58.0,51.6,Pass
S00385,83.4,43.1,4.7,64.8,65.1,Fail
S00386,86.9,48.5,3.1,68.8,83.9,Pass
S00387,85.3,50.3,7.5,59.1,72.8,Pass
S00388,93.0,68.8,3.3,68.4,60.4,Fail
S00389,80.1,67.3,3.5,60.4,68.7,Fail
S00390,79.6,57.7,1.9,51.0,52.1,Pass
S00391,75.1,50.4,2.2,59.1,59.1,Fail
S00392,88.1,61.5,2.1,54.1,69.5,Pass
S00393,85.2,64.2,1.7,47.7,45.5,Pass
S00394,86.2,60.2,2.2,62.9,81.2,Pass
S00395,98.7,75.2,3.8,74.8,81.5,Pass
S00396,73.1,59.1,2.5,72.6,83.2,Fail
S00397,80.5,75.0,3.0,76.6,65.8,Pass
S00398,78.0,69.1,4.0,78.3,70.9,Pass
S00399,77.2,68.8,1.9,55.5,56.9,Fail
S00400,58.8,64.4,3.1,70.0,60.4,Pass
S00401,90.3,45.2,4.6,61.7,69.0,Pass
S00402,67.7,53.9,4.9,74.1,60.5,Pass
S00403,83.6,68.0,4.5,61.9,75.6,Pass
S00404,63.5,44.4,3.1,62.5,65.0,Fail
S00405,86.4,63.8,2.8,72.7,64.8,Fail
S00406,69.4,56.6,3.1,73.6,79.3,Fail
S00407,66.5,75.3,6.3,51.2,62.6,Fail
S00408,83.8,72.4,4.1,73.7,73.4,Pass
S00409,64.4,54.6,2.5,38.6,35.8,Fail
S00410,68.9,53.8,3.5,58.7,62.4,Fail
S00411,73.2,43.4,2.8,59.4,50.2,Fail
S00412,73.3,42.2,2.7,56.2,59.7,Fail
S00413,68.4,64.0,2.8,55.3,46.9,Fail
S00414,72.9,82.4,3.1,80.8,76.0,Pass
S00415,76.7,58.9,4.8,75.2,40.3,Pass
S00416,84.4,48.0,1.6,53.5,74.1,Fail
S00417,95.9,55.7,4.6,81.1,71.9,Pass
S00418,73.8,72.3,3.2,86.3,79.8,Pass
S00419,75.3,38.3,1.5,63.1,59.0,Pass
S00420,94.4,94.3,2.7,67.7,65.4,Pass
S00421,96.5,70.0,3.3,75.0,61.9,Pass
S00422,65.1,48.5,3.1,48.1,62.1,Fail
S00423,70.2,46.0,4.1,59.1,68.0,Fail
S00424,76.6,59.5,3.8,52.3,58.7,Fail
S00425,69.9,43.1,1.6,64.2,49.5,Fail
S00426,69.2,49.1,3.7,57.3,83.4,Fail
S00427,84.2,62.8,4.9,67.3,75.4,Pass
S00428,99.0,80.6,4.5,82.3,71.5,Pass
S00429,60.0,56.2,3.4,62.3,60.7,Pass
S00430,93.5,79.0,1.6,89.4,71.6,Pass
S00431,69.9,63.8,2.0,43.6,56.7,Fail
S00432,83.8,67.5,6.1,73.0,66.2,Pass
S00433,92.4,72.2,2.9,55.4,75.8,Pass
S00434,73.4,38.7,6.4,58.4,71.7,Pass
S00435,79.9,53.1,2.2,66.2,50.5,Pass
S00436,83.0,50.4,5.8,54.7,75.0,Pass
S00437,70.4,49.6,2.4,56.1,62.4,Pass
S00438,79.5,46.3,4.1,55.7,60.9,Fail
S00439,74.4,46.9,2.7,62.9,76.0,Pass
S00440,88.1,62.3,3.7,74.0,40.2,Pass
S00441,63.7,67.6,4.1,64.2,73.5,Pass
S00442,68.7,83.7,2.7,57.4,82.3,Pass
S00443,67.7,48.7,4.8,75.6,61.1,Pass
S00444,83.5,62.4,3.5,77.4,60.3,Fail
S00445,63.2,51.6,3.4,73.0,81.4,Pass
S00446,66.9,56.8,1.0,46.6,36.4,Fail
S00447,73.2,71.1,3.3,61.7,78.2,Fail
S00448,90.6,52.4,5.3,62.7,74.7,Pass
S00449,72.5,81.0,5.0,87.3,78.3,Pass
S00450,66.4,76.5,5.0,70.8,74.9,Pass
S00451,80.7,61.6,3.3,63.1,62.2,Fail
S00452,95.0,57.9,6.8,61.6,73.5,Pass
S00453,85.4,84.3,4.8,98.8,72.3,Pass
S00454,86.6,80.4,3.3,75.8,74.6,Pass
S00455,90.5,61.2,4.7,60.3,66.9,Fail
S00456,87.3,59.3,4.9,72.4,50.4,Pass
S00457,86.8,82.7,4.9,59.6,80.0,Pass
S00458,68.0,57.5,2.5,69.4,33.0,Pass
S00459,84.2,76.8,3.9,74.4,72.3,Pass
S00460,66.6,76.5,5.8,73.6,70.8,Pass
S00461,73.9,70.7,4.2,73.7,59.6,Pass
S00462,88.3,49.9,1.7,57.1,46.6,Fail
S00463,84.3,58.5,2.1,42.5,50.2,Fail
S00464,71.3,48.0,2.0,46.1,58.1,Fail
S00465,55.7,79.1,2.1,47.5,61.8,Pass
S00466,64.3,61.8,1.3,66.1,50.7,Fail
S00467,70.4,67.4,6.8,70.4,65.1,Pass
S00468,84.9,84.4,3.0,96.2,82.7,Pass
S00469,71.6,72.5,2.8,79.2,76.3,Pass
S00470,72.1,51.2,1.4,65.4,48.4,Fail
S00471,95.7,69.3,4.9,66.6,70.2,Pass
S00472,80.9,64.5,3.0,58.2,73.1,Pass
S00473,79.8,72.1,2.8,67.5,69.8,Pass
S00474,66.0,67.9,3.0,64.3,71.8,Pass
S00475,65.9,64.1,4.5,73.9,88.3,Pass
S00476,64.3,56.4,2.6,53.7,65.4,Fail
S00477,64.2,59.5,1.7,67.9,64.5,Fail
S00478,73.1,69.2,1.7,61.2,48.7,Fail
S00479,82.4,57.5,1.9,73.7,68.0,Pass
S00480,80.5,97.7,5.1,80.8,69.0,Pass
S00481,81.1,68.0,5.0,73.8,64.2,Pass
S00482,97.2,79.8,7.2,74.3,81.3,Pass
S00483,96.4,62.7,1.7,67.0,79.4,Pass
S00484,87.9,60.4,4.6,83.5,53.4,Pass
S00485,76.5,52.5,2.6,72.5,66.7,Pass
S00486,84.8,79.1,10.0,71.4,64.0,Pass
S00487,87.8,56.7,5.2,75.5,60.8,Pass
S00488,63.1,78.6,6.9,63.8,70.6,Fail
S00489,88.7,69.1,4.1,49.8,59.6,Pass
S00490,73.7,65.1,4.2,65.7,85.9,Pass
S00491,78.3,77.7,3.2,73.6,87.3,Pass
S00492,76.9,67.0,2.7,48.9,91.9,Pass
S00493,80.7,48.4,2.3,61.6,63.8,Fail
S00494,66.2,65.4,4.5,65.4,64.8,Fail
S00495,74.8,66.1,6.0,70.0,53.3,Pass
S00496,87.1,66.8,3.2,77.5,67.0,Pass
S00497,73.7,42.2,2.0,44.3,60.7,Fail
S00498,81.0,58.0,1.8,68.1,73.0,Pass
S00499,68.5,65.7,2.8,54.4,59.1,Pass
S00500,79.4,29.9,4.5,45.9,48.1,Fail
S00501,93.4,81.1,6.6,74.0,68.6,Fail
S00502,91.1,68.9,6.5,54.8,93.6,Pass
S00503,80.0,49.6,3.6,50.1,51.8,Fail
S00504,81.5,45.8,2.8,46.0,70.6,Fail
S00505,73.4,41.6,3.8,40.0,49.2,Fail
S00506,100.0,65.3,2.0,52.9,54.2,Pass
S00507,98.8,88.0,3.8,83.3,70.4,Pass
S00508,79.9,78.4,7.0,59.3,61.6,Pass
S00509,68.8,70.7,2.0,62.4,66.5,Pass
S00510,75.9,75.8,3.5,73.9,59.4,Fail
S00511,68.8,42.5,3.5,55.4,71.7,Fail
S00512,82.3,65.2,3.3,63.4,61.6,Fail
S00513,73.1,69.1,5.3,53.5,74.3,Pass
S00514,89.1,53.8,6.1,59.8,72.1,Pass
S00515,68.6,54.4,4.4,69.6,89.3,Pass
S00516,63.3,45.5,6.1,65.6,63.7,Fail
S00517,80.4,70.1,2.5,72.7,71.9,Pass
S00518,67.2,59.5,2.9,72.2,45.9,Fail
S00519,69.3,59.4,9.7,81.1,73.5,Pass
S00520,79.6,89.2,8.9,72.1,90.0,Pass
S00521,64.3,55.3,1.8,63.2,61.4,Pass
S00522,73.7,68.4,3.0,63.6,84.8,Pass
S00523,78.0,79.5,4.1,71.0,81.2,Pass
S00524,73.0,50.2,3.8,71.6,58.8,Fail
S00525,84.3,81.1,6.6,77.2,81.0,Pass
S00526,86.1,65.7,6.6,49.8,46.9,Pass
S00527,97.3,71.2,4.0,83.0,67.7,Pass
S00528,80.8,49.4,5.3,69.1,53.7,Fail
S00529,81.9,66.5,4.4,66.3,68.0,Pass
S00530,83.4,67.6,4.0,79.8,76.5,Pass
S00531,81.8,71.1,1.6,56.5,76.5,Pass
S00532,76.8,49.9,4.4,62.8,58.2,Pass
S00533,88.8,76.4,4.0,61.6,51.9,Fail
S00534,64.3,45.5,4.1,71.5,86.2,Pass
S00535,69.6,49.5,1.8,55.0,22.8,Fail
S00536,84.4,83.7,7.9,61.7,71.0,Pass
S00537,76.3,48.7,3.3,53.4,64.5,Fail
S00538,74.3,72.3,2.4,57.2,74.1,Pass
S00539,58.6,36.1,1.5,49.4,54.3,Fail
S00540,83.0,48.5,3.9,48.4,61.6,Pass
S00541,65.8,49.5,3.6,52.0,59.4,Fail
S00542,60.0,41.8,2.5,61.8,53.6,Fail
S00543,87.4,64.2,4.1,73.5,51.9,Pass
S00544,82.3,66.6,4.2,53.9,64.2,Fail
S00545,76.8,58.4,3.4,63.2,53.0,Pass
S00546,68.4,51.2,2.5,79.1,57.0,Pass
S00547,77.6,75.5,5.0,82.7,80.1,Pass
S00548,85.8,60.9,4.1,65.5,75.7,Pass
S00549,66.3,59.0,4.6,75.3,83.5,Pass
S00550,66.4,56.0,2.6,63.2,81.1,Fail
S00551,73.5,56.9,2.0,75.7,69.4,Pass
S00552,80.9,73.9,3.7,69.6,81.0,Fail
S00553,71.8,68.7,5.0,73.5,72.0,Pass
S00554,92.3,90.5,6.5,78.8,100.0,Pass
S00555,88.1,58.8,4.2,63.7,55.4,Pass
S00556,80.3,50.6,2.7,64.7,71.1,Fail
S00557,81.0,65.3,2.2,61.4,46.9,Pass
S00558,76.1,47.5,2.9,61.0,66.0,Pass
S00559,71.5,53.1,2.8,49.8,38.4,Fail
S00560,61.9,38.6,4.6,46.3,46.5,Fail
S00561,66.7,56.5,2.7,79.5,51.6,Pass
S00562,67.4,76.5,3.0,90.6,71.1,Pass
S00563,77.7,56.1,7.6,70.3,70.2,Pass
S00564,77.7,64.1,5.6,47.6,87.1,Pass
S00565,68.7,47.6,2.6,67.4,71.4,Pass
S00566,82.4,64.3,6.6,77.1,79.7,Pass
S00567,70.7,59.7,2.1,76.2,66.6,Pass
S00568,64.4,74.7,2.6,49.6,68.8,Fail
S00569,72.3,56.2,3.1,69.9,71.5,Fail
S00570,68.6,71.7,3.3,69.4,79.3,Pass
S00571,76.6,60.1,3.5,60.5,44.2,Fail
S00572,76.7,54.9,3.4,62.4,38.9,Fail
S00573,87.1,61.7,4.4,54.8,72.4,Pass
S00574,70.8,55.9,2.5,63.3,40.0,Fail
S00575,75.8,49.6,4.0,77.5,81.6,Pass
S00576,89.8,44.5,2.9,52.2,49.6,Pass
S00577,69.1,88.8,2.3,81.5,64.3,Pass
S00578,94.9,80.2,4.7,73.1,100.0,Pass
S00579,92.4,59.0,3.3,56.4,64.0,Fail
S00580,87.0,67.6,2.6,78.2,66.3,Pass
S00581,66.3,46.0,2.1,47.7,56.9,Fail
S00582,87.0,59.9,2.4,59.8,66.6,Pass
S00583,74.4,54.5,2.9,76.4,76.3,Pass
S00584,68.7,68.5,5.9,47.2,43.9,Pass
S00585,78.1,83.3,8.4,67.6,76.9,Pass
S00586,81.6,89.0,1.4,85.3,77.1,Pass
S00587,65.4,43.1,3.5,50.5,47.6,Pass
S00588,85.5,44.6,4.4,65.3,60.5,Pass
S00589,70.1,61.9,3.1,66.5,48.0,Pass
S00590,84.9,79.0,5.9,71.9,87.5,Pass
S00591,59.7,33.2,5.5,55.6,54.1,Fail
S00592,80.2,70.4,2.0,69.7,62.6,Pass
S00593,73.5,93.6,4.4,90.5,77.5,Pass
S00594,62.0,53.2,5.9,54.5,52.4,Pass
S00595,71.6,43.9,1.7,58.5,69.2,Pass
S00596,86.6,50.8,3.0,65.0,51.1,Fail
S00597,80.9,61.1,2.6,59.7,58.1,Fail
S00598,86.5,69.2,5.6,67.1,69.5,Pass
S00599,77.4,69.8,5.5,70.7,56.2,Pass
S00600,67.2,52.3,2.8,47.1,55.0,Fail
S00601,87.8,79.1,3.6,85.3,61.8,Pass
S00602,70.9,45.9,1.6,72.4,46.6,Fail
S00603,91.1,77.4,6.9,83.0,80.8,Pass
S00604,87.4,53.3,2.7,63.6,78.3,Fail
S00605,68.0,55.9,2.9,59.5,62.0,Pass
S00606,73.2,77.0,5.2,59.9,68.7,Pass
S00607,76.1,80.3,4.0,71.0,70.1,Pass
S00608,66.2,81.6,5.3,70.9,63.6,Pass
S00609,65.5,51.3,3.4,52.8,66.7,Fail
S00610,92.4,67.0,3.9,74.9,70.9,Pass
S00611,64.5,50.6,3.3,64.7,35.0,Fail
S00612,91.4,47.4,2.2,62.1,80.7,Fail
S00613,69.5,63.2,2.6,47.3,66.2,Fail
S00614,99.1,63.9,5.4,82.6,75.7,Pass
S00615,69.4,60.5,2.1,65.4,30.3,Pass
S00616,72.0,57.8,2.1,51.1,56.8,Pass
S00617,72.6,57.0,2.6,71.5,80.8,Pass
S00618,71.3,55.8,3.6,67.3,71.8,Pass
S00619,88.3,73.0,5.4,60.7,63.8,Pass
S00620,88.6,79.8,5.0,83.2,86.1,Pass
S00621,86.3,52.8,1.3,84.0,64.4,Pass
S00622,66.9,62.0,4.3,67.9,79.3,Pass
S00623,85.7,76.7,2.9,74.2,69.7,Pass
S00624,66.7,66.7,3.8,45.8,62.5,Pass
S00625,67.6,52.4,3.3,66.0,79.1,Pass
S00626,79.1,74.7,2.2,71.9,57.9,Pass
S00627,79.4,69.0,3.1,65.8,51.1,Pass
S00628,84.6,74.4,3.3,40.2,75.8,Fail
S00629,81.3,40.9,3.3,62.5,65.0,Fail
S00630,75.6,50.8,1.7,60.9,58.8,Pass
S00631,97.9,83.2,2.6,63.2,87.6,Pass
S00632,75.2,72.3,6.1,100.0,83.5,Pass
S00633,90.5,56.8,4.9,38.3,61.2,Pass
S00634,88.0,76.7,3.3,56.7,45.7,Fail
S00635,73.7,60.2,2.5,63.1,66.5,Pass
S00636,62.4,52.7,2.4,43.0,46.1,Fail
S00637,65.2,50.8,2.5,68.2,64.9,Fail
S00638,69.5,70.6,4.1,66.0,89.0,Pass
S00639,98.7,77.2,2.6,74.4,53.8,Pass
S00640,81.1,82.4,5.1,75.8,71.5,Pass
S00641,66.0,51.3,3.5,49.0,59.4,Pass
S00642,75.4,82.5,6.0,56.1,76.5,Fail
S00643,74.9,73.8,6.6,90.5,70.2,Pass
S00644,87.3,66.3,4.2,82.7,72.8,Pass
S00645,75.4,62.7,1.8,72.8,57.8,Pass
S00646,96.7,75.8,4.2,47.5,49.5,Fail
S00647,86.8,72.1,3.8,58.4,80.7,Fail
S00648,79.6,40.1,2.3,43.1,60.8,Pass
S00649,77.2,65.2,5.9,53.7,56.7,Pass
S00650,66.5,42.1,3.0,62.9,57.3,Fail
S00651,74.8,56.8,3.4,86.0,72.9,Fail
S00652,63.7,69.9,5.1,52.0,46.9,Pass
S00653,93.3,75.0,3.5,87.8,86.2,Pass
S00654,71.1,49.8,2.3,61.3,66.8,Fail
S00655,89.5,77.1,2.3,66.5,66.6,Pass
S00656,81.4,80.4,2.5,67.4,68.0,Pass
S00657,72.6,60.2,2.2,41.3,61.0,Fail
S00658,67.8,84.5,4.4,64.7,69.9,Pass
S00659,86.2,79.7,2.6,77.0,60.0,Pass
S00660,74.8,63.0,1.5,64.5,69.0,Pass
S00661,80.4,49.4,3.0,54.1,41.1,Fail
S00662,71.9,49.6,2.6,68.0,73.3,Pass
S00663,80.9,64.2,2.9,55.6,48.0,Fail
S00664,92.0,34.6,5.3,65.4,49.4,Fail
S00665,81.1,56.2,3.4,74.0,65.1,Pass
S00666,79.4,47.0,4.9,49.8,53.3,Pass
S00667,77.0,39.5,2.6,54.2,55.6,Fail
S00668,97.4,63.0,5.3,68.7,59.8,Pass
S00669,80.2,76.9,2.5,55.7,64.5,Pass
S00670,73.5,49.9,2.5,47.5,50.9,Fail
S00671,81.7,63.4,2.5,68.2,84.3,Pass
S00672,71.7,60.8,2.5,71.8,70.0,Pass
S00673,63.7,43.1,2.8,59.8,54.4,Fail
S00674,85.0,57.7,1.7,51.5,42.0,Pass
S00675,73.3,68.4,3.9,70.7,55.4,Pass
S00676,86.8,46.1,3.1,64.7,72.0,Fail
S00677,91.7,86.7,4.9,73.2,91.6,Pass
S00678,88.6,71.5,2.1,73.1,59.3,Pass
S00679,75.8,76.6,4.6,71.5,71.5,Pass
S00680,68.8,60.7,6.4,71.9,62.9,Pass
S00681,85.4,67.0,6.7,68.7,79.6,Pass
S00682,78.6,89.3,7.7,88.1,79.9,Pass
S00683,71.9,75.0,4.0,74.0,50.3,Pass
S00684,93.9,65.4,2.7,53.7,73.5,Pass
S00685,68.4,53.3,3.8,53.5,65.6,Pass
S00686,67.0,65.5,2.8,46.6,56.8,Pass
S00687,79.9,55.6,1.8,86.4,66.2,Pass
S00688,95.6,72.5,5.6,91.4,77.1,Pass
S00689,54.6,46.2,2.9,67.1,57.3,Fail
S00690,87.6,52.7,1.7,54.4,52.8,Fail
S00691,70.6,78.8,2.8,84.5,60.6,Pass
S00692,80.4,54.4,3.0,60.7,52.9,Fail
S00693,75.7,79.4,3.8,72.2,87.4,Pass
S00694,87.8,57.1,2.5,58.2,50.5,Pass
S00695,76.7,54.8,5.2,64.3,84.5,Pass
S00696,69.0,65.8,1.8,78.1,64.4,Pass
S00697,65.6,46.4,2.3,47.3,55.8,Fail
S00698,75.7,55.0,2.1,53.9,47.6,Fail
S00699,74.8,62.0,4.9,52.5,57.1,Pass
S00700,82.1,80.0,2.6,48.2,65.4,Fail
S00701,83.2,67.1,3.3,73.6,67.0,Pass
S00702,65.3,50.8,4.9,73.7,59.2,Pass
S00703,71.0,42.7,5.0,61.9,63.2,Fail
S00704,84.1,72.7,5.9,65.7,70.4,Pass
S00705,77.0,84.6,2.0,66.8,59.0,Pass
S00706,81.1,48.2,3.6,59.2,62.1,Pass
S00707,75.8,32.4,3.3,66.6,65.5,Pass
S00708,79.2,61.4,3.5,74.8,63.6,Pass
S00709,88.6,66.5,3.3,65.5,56.9,Pass
S00710,65.7,68.5,6.0,64.9,75.4,Pass
S00711,72.5,64.7,5.0,73.4,38.0,Pass
S00712,92.4,64.3,5.2,45.1,71.0,Fail
S00713,91.0,63.6,3.2,60.0,76.3,Pass
S00714,98.9,66.4,8.2,88.2,37.7,Pass
S00715,78.0,67.0,2.8,51.0,73.4,Pass
S00716,76.8,53.1,1.5,53.0,63.2,Pass
S00717,80.2,53.5,2.5,51.9,39.2,Fail
S00718,92.7,74.2,3.7,68.2,76.6,Pass
S00719,80.4,50.1,5.4,71.8,74.4,Pass
S00720,83.2,57.1,2.4,60.9,45.9,Fail
S00721,82.6,70.2,4.0,66.5,57.6,Pass
S00722,87.8,85.6,2.1,83.1,74.3,Pass
S00723,62.3,45.6,3.8,45.6,60.3,Fail
S00724,68.1,38.8,2.8,80.1,49.4,Fail
S00725,68.6,45.9,2.6,59.0,58.9,Pass
S00726,72.9,72.4,9.4,80.8,69.2,Pass
S00727,61.4,67.6,5.3,53.7,68.3,Fail
S00728,77.9,69.1,2.4,68.2,82.9,Pass
S00729,71.1,40.6,2.8,65.7,59.0,Pass
S00730,70.5,40.7,8.6,44.3,54.1,Fail
S00731,85.5,45.7,7.8,51.3,68.8,Pass
S00732,80.9,31.5,4.8,66.8,57.7,Pass
S00733,77.8,66.9,1.7,82.8,59.1,Pass
S00734,67.9,85.0,5.5,64.7,77.7,Pass
S00735,87.7,84.1,2.7,65.6,85.8,Pass
S00736,78.7,54.5,5.8,51.3,47.7,Fail
S00737,77.0,71.9,2.7,76.9,77.9,Pass
S00738,80.4,55.6,4.5,79.0,81.1,Pass
S00739,65.7,34.1,2.1,36.0,41.3,Fail
S00740,63.6,29.3,2.2,55.6,44.8,Fail
S00741,77.5,70.2,4.8,81.7,66.9,Pass
S00742,81.0,72.4,2.3,86.5,95.1,Pass
S00743,80.8,55.9,7.6,61.9,76.6,Pass
S00744,75.2,52.1,1.7,54.9,42.7,Pass
S00745,92.8,60.5,2.2,71.4,50.9,Pass
S00746,93.1,72.2,4.8,81.9,81.0,Pass
S00747,100.0,68.9,7.0,66.4,84.8,Pass
S00748,85.8,54.1,3.1,57.6,83.2,Pass
S00749,82.3,44.1,2.1,56.3,51.8,Pass
S00750,66.7,61.2,2.1,56.8,67.5,Fail
S00751,86.2,59.6,2.2,69.5,58.1,Pass
S00752,71.0,40.9,3.6,66.1,70.6,Fail
S00753,62.2,52.7,2.8,66.6,58.3,Fail
S00754,100.0,69.7,5.1,94.4,100.0,Pass
S00755,72.7,97.0,4.8,74.5,83.6,Pass
S00756,87.1,67.9,5.3,78.3,70.7,Pass
S00757,67.1,61.2,2.5,50.4,60.9,Fail
S00758,92.1,82.3,2.8,72.1,71.0,Pass
S00759,92.4,59.3,3.8,74.5,58.0,Pass
S00760,85.3,68.0,3.4,40.4,90.1,Pass
S00761,94.6,80.6,4.3,98.2,92.3,Pass
S00762,81.5,70.2,2.7,76.6,68.6,Pass
S00763,100.0,73.8,4.7,67.5,78.9,Pass
S00764,87.9,55.4,2.2,88.5,92.8,Pass
S00765,70.9,71.9,2.9,66.1,81.9,Pass
S00766,72.6,41.0,4.2,51.1,49.9,Pass
S00767,76.4,67.4,2.1,62.5,65.6,Pass
S00768,72.6,67.1,4.7,75.3,43.4,Fail
S00769,58.6,57.7,1.6,53.6,65.3,Pass
S00770,88.8,82.6,2.2,82.4,91.5,Pass
S00771,71.7,86.1,2.3,92.0,91.9,Pass
S00772,60.1,83.0,4.1,83.3,83.3,Pass
S00773,75.6,80.8,4.6,67.8,71.7,Pass
S00774,75.3,75.5,6.6,87.8,64.8,Pass
S00775,69.4,64.8,5.4,88.1,69.6,Pass
S00776,51.9,74.5,4.8,70.6,60.6,Fail
S00777,67.4,47.6,2.1,57.2,63.9,Pass
S00778,78.0,53.1,2.5,71.1,60.5,Fail
S00779,72.6,68.6,4.6,77.9,72.1,Pass
S00780,77.0,48.5,5.0,49.1,71.1,Fail
S00781,90.9,50.1,2.2,63.1,69.7,Pass
S00782,83.2,67.4,5.5,51.9,69.0,Pass
S00783,94.8,94.8,1.9,71.9,88.8,Pass
S00784,92.1,54.8,4.3,69.6,91.6,Pass
S00785,68.9,73.6,3.2,65.6,64.9,Pass
S00786,83.8,39.3,3.2,83.6,73.4,Pass
S00787,87.8,59.3,3.4,71.0,82.7,Pass
S00788,73.7,80.0,2.3,56.3,71.8,Pass
S00789,67.1,49.3,3.5,49.9,36.5,Fail
S00790,83.0,62.5,3.3,76.6,57.2,Pass
S00791,62.5,63.7,4.4,69.1,68.8,Pass
S00792,60.8,33.5,5.4,55.0,52.7,Fail
S00793,74.6,68.6,3.7,66.8,85.3,Pass
S00794,84.4,67.4,2.5,79.3,89.0,Pass
S00795,72.1,65.1,1.7,41.3,46.8,Fail
S00796,87.5,49.1,6.5,68.3,53.9,Pass
S00797,73.1,68.6,7.1,94.7,69.2,Pass
S00798,73.0,63.6,5.4,77.3,69.0,Pass
S00799,87.5,62.1,3.9,68.5,90.0,Pass
S00800,70.3,74.9,4.6,69.9,55.0,Pass
S00801,68.8,55.2,5.0,54.3,68.0,Fail
S00802,57.4,47.0,2.3,44.2,73.3,Pass
S00803,82.8,61.0,3.5,75.2,77.4,Fail
S00804,93.9,60.8,2.2,79.1,73.5,Fail
S00805,74.3,70.4,3.7,74.9,73.4,Pass
S00806,92.1,60.5,7.1,72.6,93.9,Pass
S00807,75.5,59.1,5.0,56.5,62.4,Fail
S00808,56.0,47.5,3.0,53.5,67.4,Pass
S00809,66.5,52.2,1.1,58.2,62.0,Fail
S00810,71.2,66.7,2.6,59.2,47.6,Pass
S00811,74.2,63.5,3.4,80.6,61.6,Pass
S00812,80.5,51.8,2.8,64.8,60.2,Pass
S00813,96.1,63.9,3.5,73.2,66.3,Pass
S00814,64.0,80.4,3.4,69.1,55.2,Pass
S00815,70.6,78.8,2.5,67.0,68.3,Pass
S00816,71.1,55.1,3.4,65.2,76.2,Pass
S00817,65.2,49.8,3.0,64.7,59.8,Pass
S00818,80.8,54.4,2.6,65.9,64.3,Pass
S00819,80.1,76.5,7.2,72.3,56.5,Pass
S00820,58.6,48.1,2.4,58.7,60.6,Fail
S00821,77.2,60.9,1.3,58.3,77.5,Pass
S00822,73.4,97.2,8.1,67.4,91.2,Pass
S00823,73.3,51.8,2.0,56.8,51.2,Fail
S00824,82.0,50.1,3.6,45.2,72.5,Pass
S00825,75.9,50.6,2.0,32.8,48.8,Pass
S00826,80.7,57.2,4.2,70.7,55.2,Pass
S00827,74.3,74.2,3.3,74.7,51.4,Pass
S00828,79.1,53.2,4.9,86.9,53.5,Fail
S00829,88.5,88.3,3.6,73.5,78.3,Pass
S00830,71.8,31.5,1.8,37.3,44.1,Fail
S00831,79.6,61.9,3.9,59.9,62.0,Pass
S00832,86.8,66.7,3.5,81.9,68.0,Pass
S00833,63.1,42.8,1.3,57.6,46.1,Fail
S00834,69.5,55.0,2.5,55.5,53.6,Pass
S00835,82.3,30.9,9.5,57.7,71.6,Fail
S00836,82.9,52.1,1.4,40.8,79.2,Fail
S00837,77.6,54.7,3.5,71.1,83.9,Pass
S00838,97.3,84.7,3.6,72.2,83.7,Pass
S00839,90.4,84.8,8.7,82.2,73.8,Pass
S00840,72.6,52.5,2.0,50.6,56.3,Fail
S00841,72.2,76.4,4.4,78.1,87.8,Pass
S00842,91.7,60.9,4.4,63.9,63.6,Pass
S00843,92.4,94.9,3.9,81.7,83.0,Pass
S00844,94.3,53.7,2.4,69.3,86.3,Fail
S00845,98.4,56.9,3.3,79.7,69.3,Fail
S00846,68.5,54.9,3.1,75.6,93.3,Fail
S00847,79.9,78.0,4.4,100.0,76.5,Pass
S00848,55.4,74.3,5.4,86.2,76.9,Pass
S00849,84.3,58.3,3.6,64.6,64.3,Pass
S00850,88.4,85.4,4.7,74.4,62.2,Pass
S00851,77.7,70.2,3.6,71.5,72.1,Pass
S00852,65.2,82.9,4.6,70.9,79.1,Pass
S00853,81.7,70.9,6.3,79.8,96.4,Pass
S00854,80.7,60.6,3.0,53.7,70.7,Pass
S00855,86.9,52.3,4.8,61.2,47.4,Pass
S00856,81.4,70.3,2.0,63.7,71.3,Pass
S00857,86.1,67.4,1.4,75.8,76.5,Pass
S00858,79.5,73.7,7.3,69.6,66.5,Pass
S00859,81.9,32.9,2.3,58.4,54.5,Pass
S00860,87.0,73.0,4.0,83.4,65.5,Pass
S00861,63.9,55.8,1.8,67.6,57.5,Fail
S00862,85.6,50.7,1.7,63.5,66.7,Fail
S00863,89.4,55.4,2.5,56.5,80.7,Fail
S00864,83.4,76.0,4.3,70.9,52.8,Pass
S00865,78.1,77.4,2.5,54.5,55.5,Pass
S00866,96.6,59.5,3.2,59.2,54.7,Fail
S00867,57.9,57.6,2.1,51.4,76.4,Fail
S00868,88.3,29.6,5.0,73.8,72.5,Pass
S00869,70.1,64.3,4.4,64.7,40.1,Pass
S00870,88.4,43.4,2.7,83.1,65.0,Pass
S00871,81.1,60.3,4.5,70.0,64.9,Pass
S00872,60.3,39.9,2.7,78.2,50.6,Fail
S00873,77.3,67.7,3.2,74.1,82.4,Pass
S00874,88.1,72.2,3.3,66.8,77.5,Pass
S00875,68.1,25.9,3.4,37.9,55.4,Fail
S00876,64.4,40.7,1.8,58.0,45.0,Fail
S00877,71.2,57.6,4.1,61.5,59.0,Pass
S00878,83.8,77.1,8.8,58.4,64.9,Pass
S00879,93.8,66.4,3.5,76.2,60.3,Pass
S00880,59.7,50.6,3.4,75.8,65.7,Pass
S00881,100.0,60.3,3.3,77.9,73.7,Pass
S00882,84.4,88.0,4.5,71.4,56.1,Pass
S00883,79.8,59.8,1.5,55.6,49.8,Pass
S00884,70.5,42.4,5.7,54.9,57.3,Fail
S00885,73.1,49.9,4.3,62.9,75.2,Fail
S00886,81.8,63.3,2.7,82.1,77.2,Pass
S00887,73.5,69.3,3.9,80.4,74.9,Pass
S00888,70.3,41.3,2.5,79.2,67.3,Pass
S00889,79.8,32.2,2.7,51.3,47.0,Fail
S00890,57.8,61.0,2.7,48.6,65.5,Pass
S00891,79.7,51.2,3.3,65.7,64.8,Fail
S00892,73.1,56.6,2.0,75.8,75.9,Pass
S00893,68.8,60.6,2.6,79.7,48.4,Pass
S00894,96.3,86.1,5.3,76.6,57.5,Pass
S00895,68.7,60.1,2.6,63.4,66.8,Pass
S00896,72.7,84.2,1.3,73.6,78.9,Pass
S00897,73.2,50.4,2.9,64.9,87.2,Pass
S00898,68.6,52.1,7.8,72.8,40.2,Fail
S00899,80.9,67.7,5.0,74.1,69.1,Pass
S00900,73.3,40.4,2.2,56.1,54.2,Fail
S00901,82.5,64.6,3.4,70.0,71.4,Pass
S00902,77.4,73.1,4.4,64.1,85.6,Pass
S00903,72.3,53.4,1.6,63.3,74.5,Pass
S00904,90.6,78.1,2.9,81.5,59.9,Pass
S00905,73.4,64.4,3.6,75.3,78.2,Pass
S00906,82.5,74.2,8.2,82.5,97.1,Pass
S00907,91.0,72.1,2.7,64.4,67.2,Pass
S00908,71.7,51.6,5.3,47.0,39.3,Pass
S00909,88.8,62.0,2.5,72.8,64.9,Pass
S00910,85.6,32.1,0.7,68.2,63.4,Pass
S00911,87.4,52.0,4.1,73.3,71.4,Fail
S00912,86.5,70.6,4.3,71.3,49.6,Pass
S00913,81.1,86.2,4.8,76.0,61.6,Pass
S00914,73.6,62.9,4.1,59.1,73.5,Pass
S00915,80.6,84.0,4.1,79.5,89.4,Pass
S00916,62.3,61.6,3.5,79.1,79.0,Pass
S00917,90.7,75.4,3.6,79.4,88.7,Pass
S00918,83.1,80.6,3.0,72.0,74.7,Pass
S00919,91.4,66.9,3.4,82.2,86.2,Pass
S00920,67.8,55.0,1.3,46.5,54.1,Fail
S00921,83.6,67.5,2.0,61.0,68.9,Pass
S00922,61.5,57.6,2.8,73.0,46.5,Pass
S00923,65.8,60.8,1.4,90.6,74.7,Pass
S00924,54.7,47.4,1.4,50.4,48.3,Fail
S00925,75.0,79.6,2.8,53.6,72.6,Pass
S00926,79.4,87.4,4.0,74.6,74.7,Pass
S00927,70.4,64.9,2.9,63.6,68.8,Fail
S00928,83.5,62.7,1.3,77.5,58.6,Pass
S00929,70.7,61.2,6.0,69.0,58.9,Pass
S00930,65.4,65.4,1.9,68.2,70.5,Pass
S00931,100.0,67.2,2.4,70.6,74.2,Fail
S00932,80.4,74.8,2.1,64.0,81.1,Pass
S00933,73.3,66.1,6.5,74.4,61.8,Pass
S00934,79.4,63.6,4.8,80.7,61.5,Pass
S00935,74.4,66.8,2.9,55.0,57.6,Fail
S00936,79.7,50.7,2.9,61.2,58.6,Pass
S00937,86.0,48.7,3.1,45.9,74.8,Fail
S00938,77.5,56.9,2.0,71.8,79.9,Pass
S00939,98.7,77.0,4.4,76.6,61.9,Pass
S00940,78.4,91.6,3.0,79.1,90.8,Pass
S00941,83.5,45.1,4.2,51.9,81.4,Pass
S00942,91.3,94.8,4.5,61.1,54.6,Pass
S00943,91.3,65.3,2.8,76.2,58.3,Pass
S00944,95.0,78.0,1.7,52.7,56.6,Pass
S00945,74.6,51.2,3.1,79.2,67.1,Fail
S00946,76.6,69.8,1.8,47.0,63.6,Pass
S00947,57.1,66.6,3.6,76.3,68.6,Pass
S00948,64.9,34.5,2.1,31.9,23.0,Fail
S00949,90.0,46.8,2.8,78.5,53.2,Fail
S00950,69.1,29.0,1.2,61.0,42.7,Fail
S00951,71.0,55.3,4.3,30.8,60.4,Fail
S00952,95.5,64.9,2.9,76.1,47.3,Pass
S00953,76.1,79.6,9.1,54.6,55.5,Pass
S00954,64.0,63.6,2.9,59.2,68.8,Fail
S00955,69.4,49.6,3.5,57.8,47.6,Fail
S00956,73.4,92.4,4.0,79.5,75.6,Pass
S00957,82.6,58.9,3.6,53.7,48.2,Fail
S00958,90.0,84.9,6.8,93.0,91.1,Pass
S00959,84.3,64.0,5.2,53.4,44.1,Pass
S00960,76.9,67.6,1.7,80.4,65.6,Pass
S00961,84.6,51.4,5.7,77.0,87.8,Fail
S00962,58.9,62.3,4.1,55.0,73.6,Fail
S00963,74.5,39.5,3.0,70.8,53.8,Pass
S00964,79.4,78.6,6.5,64.4,57.6,Pass
S00965,68.7,78.9,6.7,82.2,63.2,Pass
S00966,69.9,58.8,4.0,64.3,42.2,Fail
S00967,75.7,58.1,2.6,56.8,63.1,Fail
S00968,91.5,45.6,1.9,58.6,59.8,Pass
S00969,72.9,65.0,5.0,75.4,68.1,Pass
S00970,82.0,83.3,5.7,79.6,77.1,Pass
S00971,68.4,53.2,1.4,67.3,52.4,Pass
S00972,72.3,37.8,5.1,66.6,46.7,Pass
S00973,82.3,75.7,3.1,66.3,61.9,Pass
S00974,79.5,84.3,1.7,71.1,71.8,Pass
S00975,73.1,70.5,3.5,68.3,57.7,Pass
S00976,76.4,63.7,4.2,56.7,56.9,Pass
S00977,77.5,85.9,3.3,72.5,61.7,Pass
S00978,85.1,59.6,2.1,57.4,52.4,Fail
S00979,70.0,28.2,5.5,48.4,50.6,Fail
S00980,79.8,67.5,2.7,57.8,63.0,Fail
S00981,83.9,73.8,5.6,63.7,81.2,Pass
S00982,73.8,47.0,1.5,65.2,57.9,Fail
S00983,85.5,63.3,4.0,66.3,61.9,Pass
S00984,84.6,60.1,4.3,78.7,83.1,Pass
S00985,84.5,56.3,4.9,47.9,73.5,Pass
S00986,76.2,87.9,6.5,76.6,55.8,Pass
S00987,64.0,68.9,2.0,52.0,20.8,Fail
S00988,67.3,66.1,4.3,64.8,54.0,Fail
S00989,62.5,63.0,1.8,64.8,70.3,Fail
S00990,92.5,48.3,1.8,57.4,72.2,Pass
S00991,62.7,77.9,2.9,55.4,54.2,Fail
S00992,95.0,95.1,4.7,87.3,83.7,Pass
S00993,75.2,64.4,8.1,84.3,85.6,Pass
S00994,94.3,80.3,8.3,75.1,90.5,Pass
S00995,59.3,67.5,2.8,56.6,75.5,Pass
S00996,77.9,71.8,3.9,56.4,83.2,Pass
S00997,94.6,87.2,5.3,74.8,76.8,Pass
S00998,85.7,85.1,4.6,81.1,71.8,Pass
S00999,75.9,61.8,3.2,68.9,63.3,Pass
S01000,65.0,77.8,3.8,61.4,80.8,Pass
S01001,66.9,63.3,3.2,67.4,51.1,Pass
S01002,88.3,49.6,2.8,59.0,59.3,Pass
S01003,73.4,61.8,2.7,69.8,68.9,Fail
S01004,80.8,75.9,3.4,77.0,85.8,Pass
S01005,81.5,65.3,2.8,40.1,60.8,Fail
S01006,67.5,57.2,2.2,73.8,78.9,Pass
S01007,85.1,64.6,5.1,63.3,68.7,Pass
S01008,73.6,54.8,3.9,50.3,74.0,Fail
S01009,84.4,61.6,7.7,71.2,62.7,Pass
S01010,73.5,69.8,4.0,73.0,76.6,Fail
S01011,56.9,55.5,2.4,40.7,56.1,Fail
S01012,80.8,86.8,3.1,85.1,63.4,Pass
S01013,82.7,49.4,3.2,68.1,60.8,Pass
S01014,74.0,41.3,3.4,51.5,68.5,Fail
S01015,73.5,69.0,2.6,49.1,47.5,Fail
S01016,82.9,51.6,1.6,48.3,42.6,Fail
S01017,74.9,63.8,2.5,75.4,70.7,Pass
S01018,74.6,58.6,3.2,50.4,45.8,Fail
S01019,70.3,71.4,4.3,72.2,80.6,Pass
S01020,89.7,80.9,2.0,70.1,87.1,Pass
S01021,82.8,77.7,3.9,68.2,79.7,Pass
S01022,74.8,66.3,3.8,54.0,68.1,Fail
S01023,66.3,57.9,2.9,68.4,87.0,Pass
S01024,91.0,88.6,2.8,76.9,85.0,Pass
S01025,64.5,51.7,1.9,35.4,45.1,Fail
S01026,75.5,54.8,3.4,67.0,79.0,Pass
S01027,91.2,56.9,4.0,47.2,40.5,Fail
S01028,86.1,57.8,5.4,60.7,64.1,Pass
S01029,93.0,77.4,2.1,73.4,46.5,Pass
S01030,77.8,88.1,3.5,56.3,75.1,Pass
S01031,92.8,64.8,1.6,79.7,71.3,Pass
S01032,80.0,70.9,3.6,81.9,62.5,Pass
S01033,80.3,66.3,4.0,74.0,60.6,Fail
S01034,98.4,94.5,6.6,73.7,63.2,Pass
S01035,73.2,50.4,1.5,58.6,62.7,Fail
S01036,79.2,77.7,2.1,60.5,79.9,Pass
S01037,73.9,72.6,4.0,72.2,61.5,Pass
S01038,84.6,44.9,1.6,65.7,71.4,Fail
S01039,76.1,69.4,3.9,66.2,74.1,Pass
S01040,90.5,69.5,4.6,78.7,74.9,Pass
S01041,60.7,43.0,1.8,75.9,58.8,Fail
S01042,87.5,75.5,4.0,74.2,65.2,Pass
S01043,76.0,79.5,2.2,60.6,75.8,Pass
S01044,85.7,66.4,5.8,55.3,72.4,Pass
S01045,76.0,50.2,3.3,65.9,51.9,Fail
S01046,69.4,53.3,2.3,57.7,45.3,Fail
S01047,73.0,57.8,1.9,68.8,63.1,Pass
S01048,72.6,70.4,4.2,66.3,78.1,Fail
S01049,82.7,65.3,5.1,64.6,70.1,Pass
S01050,69.9,70.0,2.6,68.6,82.2,Pass
S01051,68.5,36.8,2.4,48.5,61.2,Fail
S01052,81.2,55.3,2.4,60.7,61.7,Pass
S01053,93.5,65.7,6.3,56.6,66.8,Pass
S01054,88.2,97.8,2.1,100.0,70.0,Pass
S01055,71.2,63.2,4.7,52.8,48.7,Pass
S01056,87.0,95.2,3.4,84.8,75.9,Pass
S01057,59.3,65.8,3.3,62.7,64.2,Pass
S01058,70.0,74.7,3.1,60.6,69.9,Fail
S01059,75.4,49.2,3.7,65.0,51.9,Fail
S01060,74.3,71.6,2.6,79.6,56.7,Pass
S01061,64.1,50.5,5.0,60.1,73.3,Pass
S01062,92.0,76.2,6.2,71.5,67.3,Pass
S01063,79.5,89.8,2.1,63.2,55.4,Fail
S01064,84.5,76.9,5.0,80.5,75.1,Pass
S01065,70.4,48.0,2.7,74.5,51.3,Pass
S01066,79.5,66.6,3.4,68.5,77.6,Pass
S01067,79.4,47.5,5.3,61.9,44.7,Pass
S01068,76.3,57.5,2.7,76.3,69.3,Pass
S01069,88.4,98.3,5.8,69.0,68.2,Pass
S01070,69.1,73.2,3.9,56.9,67.1,Pass
S01071,79.1,64.7,3.0,54.8,59.2,Pass
S01072,84.7,48.4,3.3,44.4,57.8,Fail
S01073,88.9,57.6,3.6,70.8,77.6,Pass
S01074,84.5,63.7,1.7,54.2,47.1,Fail
S01075,77.4,57.5,2.3,58.5,51.9,Pass
S01076,80.1,33.5,2.2,45.6,64.2,Fail
S01077,80.1,100.0,3.5,95.7,91.4,Pass
S01078,72.7,91.6,8.1,83.5,85.1,Pass
S01079,64.7,60.9,3.9,78.5,75.2,Fail
S01080,83.0,87.8,2.2,66.3,74.3,Pass
S01081,77.2,70.1,3.1,61.1,80.7,Pass
S01082,90.7,69.2,3.6,45.5,69.3,Pass
S01083,92.1,62.8,4.7,73.0,75.1,Pass
S01084,71.8,51.0,2.6,57.0,50.9,Fail
S01085,86.5,66.9,2.1,57.7,49.6,Fail
S01086,70.6,73.8,3.1,50.4,74.7,Pass
S01087,79.6,43.0,3.5,60.2,67.5,Pass
S01088,80.2,40.8,3.0,58.3,81.3,Pass
S01089,92.3,81.8,2.5,87.6,54.5,Pass
S01090,72.7,55.7,6.5,57.6,69.3,Pass
S01091,85.6,53.1,3.0,62.5,50.6,Pass
S01092,61.0,59.3,3.6,54.9,58.0,Fail
S01093,93.3,69.9,2.8,70.2,66.2,Pass
S01094,79.5,48.6,5.3,63.1,71.4,Pass
S01095,72.5,51.2,3.8,64.1,54.1,Pass
S01096,64.5,77.0,4.4,85.9,75.1,Pass
S01097,81.6,80.3,2.6,88.8,86.3,Pass
S01098,92.7,79.6,5.5,63.1,81.8,Pass
S01099,77.3,91.2,5.1,83.4,80.5,Pass
S01100,89.9,90.3,5.8,76.8,79.8,Pass
S01101,83.6,83.1,3.9,73.4,72.5,Pass
S01102,90.6,67.3,3.5,65.4,64.2,Pass
S01103,82.9,62.3,3.3,66.5,76.1,Pass
S01104,72.3,68.1,8.8,85.8,58.3,Pass
S01105,73.2,58.6,2.3,58.8,59.4,Fail
S01106,95.6,78.1,2.3,73.8,59.3,Pass
S01107,77.7,56.5,2.4,51.5,55.9,Pass
S01108,73.1,54.2,2.4,80.1,48.9,Pass
S01109,100.0,83.5,6.5,89.1,71.0,Pass
S01110,92.3,83.9,2.1,67.3,64.7,Pass
S01111,91.8,86.2,3.2,77.0,68.0,Pass
S01112,80.7,60.1,3.5,61.7,63.1,Fail
S01113,81.0,43.5,4.8,56.9,31.4,Pass
S01114,84.7,51.9,4.3,57.8,44.7,Fail
S01115,57.6,57.0,6.4,70.7,75.5,Fail
S01116,82.7,66.4,3.9,79.3,68.2,Pass
S01117,81.9,79.1,3.5,64.8,66.3,Pass
S01118,72.8,45.0,4.5,53.0,74.0,Pass
S01119,75.4,61.2,2.0,65.0,61.6,Fail
S01120,59.6,56.1,1.5,53.3,52.6,Fail
S01121,64.3,58.1,5.2,87.4,60.7,Pass
S01122,89.9,67.5,3.6,74.7,86.7,Fail
S01123,80.2,52.7,4.4,67.4,63.2,Pass
S01124,56.8,53.3,2.3,61.6,66.4,Fail
S01125,72.8,61.8,5.4,61.9,69.7,Pass
S01126,85.6,64.5,4.2,51.0,44.0,Pass
S01127,83.3,71.2,4.1,88.7,72.2,Pass
S01128,89.5,59.6,3.6,69.4,70.2,Fail
S01129,87.2,65.5,3.7,75.0,64.2,Pass
S01130,56.3,35.2,1.8,45.3,74.9,Fail
S01131,71.3,37.5,2.5,56.7,53.8,Fail
S01132,72.4,44.7,3.7,65.1,74.4,Pass
S01133,62.1,52.2,2.6,67.6,69.8,Fail
S01134,67.9,62.6,2.2,65.7,77.4,Pass
S01135,69.5,57.9,3.7,70.9,68.3,Pass
S01136,77.7,92.4,5.5,77.4,72.1,Pass
S01137,81.7,49.4,5.1,57.4,45.0,Fail
S01138,88.2,60.5,4.1,48.3,70.1,Pass
S01139,83.1,84.0,4.6,64.0,70.0,Pass
S01140,85.5,67.2,4.9,78.6,72.4,Pass
S01141,83.2,75.6,4.3,96.0,79.0,Pass
S01142,75.4,39.3,1.1,48.2,60.0,Fail
S01143,67.7,48.4,4.1,65.0,42.3,Fail
S01144,67.7,75.2,2.2,60.7,78.1,Pass
S01145,95.6,57.7,2.1,74.4,55.4,Fail
S01146,60.1,61.8,2.3,68.3,69.8,Pass
S01147,60.8,53.4,9.5,65.8,76.8,Pass
S01148,80.9,60.4,3.8,56.7,57.7,Pass
S01149,80.6,58.3,2.5,57.3,81.4,Pass
S01150,68.9,68.0,2.9,86.4,69.6,Pass
S01151,68.3,55.4,3.4,62.1,68.6,Fail
S01152,72.8,83.2,4.7,67.7,70.9,Pass
S01153,87.8,60.4,3.8,58.2,61.7,Pass
S01154,87.4,61.7,2.1,59.2,86.4,Pass
S01155,95.9,53.2,4.1,87.6,61.9,Pass
S01156,61.4,65.4,2.6,85.2,42.0,Pass
S01157,66.8,50.7,5.1,51.6,57.3,Fail
S01158,70.2,72.7,4.1,76.2,78.0,Fail
S01159,80.9,62.4,1.8,35.0,44.4,Fail
S01160,75.8,59.1,3.7,61.8,66.9,Fail
S01161,73.1,50.4,3.3,57.8,68.2,Fail
S01162,79.6,92.4,2.6,57.2,59.9,Pass
S01163,74.3,51.2,4.3,64.3,45.9,Pass
S01164,62.8,60.6,3.5,48.3,41.3,Fail
S01165,79.7,37.9,4.7,71.1,58.6,Pass
S01166,71.8,52.3,4.0,63.0,42.9,Pass
S01167,74.4,72.6,4.2,93.9,79.6,Pass
S01168,90.8,82.8,2.1,59.1,94.3,Pass
S01169,71.9,59.7,3.4,61.7,66.8,Pass
S01170,79.6,56.4,3.6,80.8,63.9,Pass
S01171,72.5,63.3,2.9,67.2,46.5,Pass
S01172,79.5,39.0,0.8,32.8,54.3,Pass
S01173,80.5,65.2,4.3,62.2,62.4,Fail
S01174,67.1,61.9,2.0,46.6,61.5,Fail
S01175,81.5,47.0,4.3,80.1,73.3,Pass
S01176,74.6,40.1,5.4,53.7,64.3,Pass
S01177,80.6,56.3,2.7,52.5,62.0,Pass
S01178,88.6,70.9,4.0,67.6,72.6,Pass
S01179,72.2,81.1,3.5,46.7,63.1,Pass
S01180,86.4,64.8,4.3,60.3,81.3,Pass
S01181,56.9,47.2,2.9,54.4,46.9,Fail
S01182,81.2,62.2,3.0,81.0,69.9,Pass
S01183,72.2,58.8,2.1,42.0,73.7,Fail
S01184,94.0,66.0,6.8,68.4,65.3,Pass
S01185,77.5,60.1,4.0,74.7,51.4,Fail
S01186,79.1,48.9,3.9,41.0,51.7,Fail
S01187,62.3,65.7,3.7,65.1,78.8,Pass
S01188,75.9,60.7,5.1,69.9,44.0,Fail
S01189,69.6,60.9,2.5,86.4,71.5,Pass
S01190,100.0,66.1,3.4,62.7,58.1,Pass
S01191,79.0,46.5,4.9,78.3,75.1,Pass
S01192,83.5,66.4,6.3,82.5,69.4,Pass
S01193,79.1,48.7,9.4,52.2,74.6,Fail
S01194,67.3,82.5,4.3,70.8,71.9,Pass
S01195,81.8,76.9,3.3,79.5,90.8,Pass
S01196,90.0,75.9,2.6,82.4,94.0,Pass
S01197,72.3,50.8,2.0,62.3,57.5,Fail
S01198,54.5,48.1,2.2,62.5,55.5,Pass
S01199,79.7,73.0,1.3,72.9,80.7,Pass
S01200,83.9,53.9,2.2,57.7,64.6,Pass
S01201,79.1,46.1,3.7,67.0,44.0,Fail
S01202,87.8,54.0,3.2,54.4,65.1,Pass
S01203,71.9,56.6,3.2,71.0,66.3,Pass
S01204,89.8,50.2,1.7,63.4,60.7,Fail
S01205,75.2,57.4,4.7,59.6,53.8,Pass
S01206,90.3,59.7,3.7,45.8,54.4,Fail
S01207,74.5,41.6,3.0,71.8,74.5,Pass
S01208,54.4,62.4,1.2,51.4,55.8,Fail
S01209,95.1,92.6,3.6,95.4,94.7,Pass
S01210,74.1,75.8,4.1,63.3,69.5,Pass
S01211,79.1,74.5,3.7,68.6,60.0,Pass
S01212,63.0,64.9,3.4,72.1,64.6,Pass
S01213,92.4,83.7,4.3,72.9,51.8,Pass
S01214,70.3,53.1,3.2,61.4,67.5,Fail
S01215,82.6,27.0,3.1,48.7,44.8,Fail
S01216,69.7,34.1,2.0,51.1,65.4,Fail
S01217,61.2,63.8,1.6,49.6,68.6,Pass
S01218,81.9,59.7,3.0,40.0,31.1,Pass
S01219,71.8,42.1,3.8,63.1,52.4,Fail
S01220,83.5,68.1,4.8,71.9,62.3,Pass
S01221,64.0,59.3,3.5,78.5,89.1,Pass
S01222,79.9,87.9,3.4,74.9,70.4,Pass
S01223,84.3,53.7,3.8,69.9,54.7,Pass
S01224,69.3,50.3,4.3,79.6,95.9,Pass
S01225,69.5,76.7,3.5,58.1,51.7,Pass
S01226,77.3,71.2,10.0,68.1,52.1,Pass
S01227,82.3,74.6,2.5,72.3,58.6,Fail
S01228,89.7,55.4,10.0,68.6,63.4,Pass
S01229,77.6,73.1,2.2,65.3,70.5,Pass
S01230,74.7,52.8,4.2,70.0,61.0,Fail
S01231,100.0,49.1,1.9,61.1,56.8,Fail
S01232,70.9,53.4,3.3,63.4,58.5,Pass
S01233,72.4,28.4,4.2,54.5,71.9,Fail
S01234,73.7,60.7,3.4,82.5,70.2,Pass
S01235,76.0,62.4,5.1,67.6,62.2,Pass
S01236,76.5,52.3,2.5,56.8,57.9,Pass
S01237,87.1,57.6,1.5,64.8,74.5,Pass
S01238,84.7,58.2,4.6,59.7,88.3,Pass
S01239,90.7,50.2,3.6,62.6,58.4,Fail
S01240,94.0,79.3,3.3,75.4,89.2,Pass
S01241,85.7,72.1,3.3,87.3,71.7,Pass
S01242,77.4,39.4,3.4,56.7,41.2,Fail
S01243,95.1,79.7,3.0,76.9,58.3,Pass
S01244,65.3,54.9,3.6,71.9,76.7,Pass
S01245,100.0,68.2,6.1,88.9,89.3,Pass
S01246,74.8,41.5,7.6,77.5,60.3,Fail
S01247,73.8,66.1,5.5,54.9,60.7,Pass
S01248,60.4,33.1,2.8,45.4,33.7,Fail
S01249,67.3,62.0,3.6,80.2,73.0,Fail
S01250,81.6,39.9,2.3,54.1,54.5,Pass
S01251,100.0,68.2,3.1,72.4,56.1,Pass
S01252,79.8,89.3,5.7,85.9,79.1,Pass
S01253,77.9,60.9,2.7,67.6,45.2,Fail
S01254,82.1,77.5,4.0,63.8,74.2,Pass
S01255,85.0,59.5,2.1,61.4,49.1,Pass
S01256,95.9,61.1,5.3,68.4,65.2,Pass
S01257,95.2,52.1,3.2,62.9,64.4,Pass
S01258,75.6,59.4,5.1,65.8,40.0,Pass
S01259,90.2,77.3,3.1,72.0,89.3,Pass
S01260,82.6,71.0,2.3,53.1,74.0,Pass
S01261,82.6,67.3,6.4,70.1,67.5,Pass
S01262,68.3,66.6,2.6,71.0,69.7,Pass
S01263,73.6,72.9,2.0,70.4,76.4,Pass
S01264,87.3,70.6,2.1,56.4,67.9,Pass
S01265,89.7,61.2,4.7,66.0,84.4,Pass
S01266,76.4,70.4,4.4,55.0,69.7,Fail
S01267,77.5,37.5,2.2,62.2,56.1,Pass
S01268,91.9,52.7,2.8,81.8,75.4,Pass
S01269,63.8,45.8,4.7,71.2,66.0,Pass
S01270,76.7,76.7,6.1,69.6,58.7,Pass
S01271,100.0,84.5,3.9,83.1,90.2,Pass
S01272,87.1,86.0,5.0,61.4,82.2,Pass
S01273,66.9,52.5,4.5,67.3,43.1,Fail
S01274,81.4,60.8,8.2,96.3,61.2,Pass
S01275,85.5,55.8,1.9,59.3,69.8,Pass
S01276,56.4,78.0,2.5,65.2,49.2,Pass
S01277,76.1,74.7,2.5,67.1,53.5,Pass
S01278,81.9,86.6,5.7,94.9,100.0,Pass
S01279,64.5,69.9,3.1,77.7,65.0,Pass
S01280,74.5,74.6,3.7,45.3,76.2,Pass
S01281,82.3,71.7,4.1,81.6,90.8,Pass
S01282,69.8,38.3,2.5,68.8,40.6,Fail
S01283,65.5,42.5,2.7,53.3,54.5,Pass
S01284,71.6,60.5,5.5,63.1,94.0,Pass
S01285,64.5,61.8,2.3,69.0,71.4,Pass
S01286,73.6,53.9,3.2,57.1,93.5,Fail
S01287,81.4,60.9,1.7,64.8,49.6,Pass
S01288,80.9,68.4,3.6,57.5,85.3,Pass
S01289,86.0,96.7,4.0,84.7,80.5,Pass
S01290,69.1,54.1,5.7,66.0,68.3,Pass
S01291,72.8,84.1,3.4,62.8,74.2,Pass
S01292,83.7,42.7,2.6,74.9,61.7,Pass
S01293,81.9,46.9,2.9,63.3,62.3,Pass
S01294,65.1,36.4,5.1,42.0,56.0,Fail
S01295,57.0,78.9,1.8,58.4,48.2,Fail
S01296,75.4,73.4,2.9,57.4,63.4,Pass
S01297,68.2,45.5,2.8,41.0,62.6,Pass
S01298,68.4,48.6,2.4,61.0,72.0,Pass
S01299,68.9,37.9,3.5,64.1,61.6,Fail
S01300,82.4,65.4,2.9,52.5,62.1,Fail
S01301,77.8,71.7,3.7,80.1,70.8,Pass
S01302,79.7,57.0,2.7,41.0,61.5,Fail
S01303,63.2,72.9,3.4,69.5,54.9,Pass
S01304,79.2,43.1,2.2,63.4,65.9,Pass
S01305,59.0,47.8,3.5,72.3,63.4,Pass
S01306,65.0,44.2,1.2,61.9,50.4,Pass
S01307,65.4,49.7,2.2,41.7,36.0,Fail
S01308,94.8,69.0,4.7,74.1,61.2,Pass
S01309,70.4,25.2,3.8,52.0,46.0,Fail
S01310,86.5,69.4,8.1,50.3,74.5,Pass
S01311,70.5,56.4,2.4,60.3,53.0,Fail
S01312,69.8,75.8,2.6,83.8,64.5,Pass
S01313,65.8,50.1,3.8,60.6,66.9,Pass
S01314,82.8,68.7,7.4,74.4,65.3,Pass
S01315,96.9,54.7,6.6,86.4,79.6,Pass
S01316,89.6,79.1,2.8,99.4,76.7,Pass
S01317,74.6,35.1,3.1,63.6,52.4,Fail
S01318,76.5,50.5,4.9,64.8,84.1,Pass
S01319,71.3,45.6,4.0,44.7,68.8,Pass
S01320,100.0,98.7,4.9,85.2,64.1,Pass
S01321,86.9,37.3,2.5,47.3,64.9,Fail
S01322,79.1,44.9,3.9,58.8,58.4,Pass
S01323,79.9,65.0,4.8,66.7,72.6,Pass
S01324,72.2,66.3,1.9,47.6,45.3,Pass
S01325,84.2,67.3,5.8,70.5,77.1,Pass
S01326,79.1,79.4,5.6,97.0,85.9,Pass
S01327,69.1,62.3,2.6,67.6,57.8,Fail
S01328,81.9,42.6,3.9,47.9,55.4,Pass
S01329,77.7,62.7,4.5,73.7,78.3,Pass
S01330,90.1,63.3,5.1,74.8,60.4,Pass
S01331,86.2,52.6,4.9,61.6,45.3,Pass
S01332,79.4,36.3,2.9,57.8,65.5,Pass
S01333,85.5,80.5,4.2,71.7,70.5,Pass
S01334,100.0,66.0,1.2,53.0,50.8,Pass
S01335,82.4,64.7,5.5,55.7,65.5,Pass
S01336,75.7,63.8,6.3,66.8,98.3,Pass
S01337,76.1,57.4,6.1,73.5,91.7,Pass
S01338,95.0,81.6,2.5,60.1,63.8,Pass
S01339,77.3,86.7,6.9,100.0,75.5,Pass
S01340,71.3,63.8,4.9,64.3,59.5,Pass
S01341,85.6,46.4,2.3,56.7,79.9,Pass
S01342,77.0,66.8,5.3,62.5,78.2,Pass
S01343,79.7,53.1,4.2,75.3,85.0,Pass
S01344,86.3,59.0,1.6,54.3,73.1,Fail
S01345,64.2,57.0,3.7,48.2,44.3,Fail
S01346,74.2,88.3,3.3,97.1,72.2,Pass
S01347,67.2,56.8,1.8,72.0,60.8,Pass
S01348,81.3,52.5,3.5,57.4,55.1,Fail
S01349,84.7,77.2,3.6,79.8,65.2,Pass
S01350,72.4,59.8,5.7,65.1,59.1,Pass
S01351,66.5,57.6,3.5,67.0,71.1,Pass
S01352,75.4,87.9,4.9,64.0,71.5,Pass
S01353,83.8,40.9,3.5,72.3,70.0,Fail
S01354,71.5,77.4,5.2,64.1,71.3,Pass
S01355,80.5,69.4,3.0,96.7,72.3,Pass
S01356,69.2,74.2,3.8,68.6,71.4,Pass
S01357,73.0,66.7,3.0,69.6,46.9,Pass
S01358,80.0,52.9,4.0,67.8,37.3,Pass
S01359,95.9,46.6,3.5,72.3,70.0,Pass
S01360,79.9,40.4,2.5,56.4,75.2,Fail
S01361,75.0,53.1,2.8,71.9,64.1,Fail
S01362,90.0,77.1,7.2,90.3,68.3,Pass
S01363,75.2,35.4,1.4,48.2,39.0,Fail
S01364,74.5,72.2,4.9,74.1,84.8,Pass
S01365,97.6,44.2,5.2,58.0,68.6,Pass
S01366,80.2,64.2,4.4,66.4,71.9,Pass
S01367,74.3,40.5,6.3,70.7,57.9,Fail
S01368,88.8,74.8,5.7,69.2,70.4,Pass
S01369,86.7,69.7,4.5,69.0,62.8,Pass
S01370,95.9,59.9,3.1,88.6,75.6,Pass
S01371,67.5,41.8,3.2,57.8,49.3,Fail
S01372,89.0,61.3,4.8,91.9,67.3,Pass
S01373,82.0,53.4,3.5,65.7,87.5,Fail
S01374,81.5,58.8,2.0,52.6,54.0,Fail
S01375,73.4,59.1,2.0,60.1,39.2,Fail
S01376,76.4,43.9,3.7,70.5,62.8,Fail
S01377,87.5,61.9,2.0,55.6,59.1,Pass
S01378,82.8,74.1,2.8,73.5,65.8,Fail
S01379,69.7,58.0,1.3,71.4,52.6,Pass
S01380,96.3,92.4,5.6,78.8,81.2,Pass
S01381,90.0,65.9,6.2,73.6,71.6,Pass
S01382,65.8,40.9,2.4,32.4,40.3,Fail
S01383,73.7,70.6,6.6,69.5,65.4,Pass
S01384,81.5,66.1,5.6,54.4,64.0,Pass
S01385,78.1,32.2,3.2,54.7,52.0,Pass
S01386,65.2,54.2,3.2,84.8,64.2,Fail
S01387,87.0,86.9,3.4,90.1,74.7,Pass
S01388,80.6,44.4,3.6,43.2,62.0,Fail
S01389,59.0,76.2,3.3,64.4,70.8,Fail
S01390,73.2,49.9,3.7,61.4,71.7,Pass
S01391,82.5,58.1,3.9,59.3,55.3,Fail
S01392,89.7,62.8,3.6,67.2,79.1,Pass
S01393,83.9,51.6,4.8,64.5,88.7,Pass
S01394,77.6,58.4,3.2,70.1,68.9,Pass
S01395,59.9,47.5,2.6,65.8,52.6,Fail
S01396,70.1,81.7,2.8,80.6,65.6,Fail
S01397,90.8,73.5,3.2,81.6,62.6,Pass
S01398,84.4,56.2,7.7,53.4,63.5,Fail
S01399,91.4,58.9,2.5,62.3,75.9,Pass
S01400,66.7,51.5,3.3,59.6,63.0,Fail
S01401,90.5,63.7,3.2,86.0,78.0,Pass
S01402,62.6,71.0,1.3,54.8,72.4,Pass
S01403,70.6,59.9,4.0,64.4,53.7,Fail
S01404,77.9,55.0,2.5,49.6,67.8,Pass
S01405,82.6,62.2,3.5,59.2,62.0,Fail
S01406,96.3,68.8,5.4,79.5,72.3,Pass
S01407,77.1,48.4,3.8,64.5,63.9,Pass
S01408,73.5,58.3,4.1,69.7,60.3,Pass
S01409,69.8,73.8,2.3,56.1,52.7,Fail
S01410,73.2,68.7,4.7,65.0,73.2,Fail
S01411,96.7,41.8,2.9,77.5,68.4,Pass
S01412,94.1,87.8,2.0,86.7,80.5,Pass
S01413,82.7,42.3,3.8,43.2,54.6,Fail
S01414,81.7,66.0,6.1,74.6,67.2,Pass
S01415,84.2,64.3,7.1,64.5,81.2,Pass
S01416,81.9,65.2,7.1,49.5,60.6,Pass
S01417,83.1,64.0,6.0,97.9,78.0,Pass
S01418,80.2,63.9,4.6,73.7,82.5,Pass
S01419,75.5,73.5,5.8,91.1,79.9,Pass
S01420,74.9,79.5,2.3,65.4,49.5,Pass
S01421,78.2,66.6,1.7,63.7,65.0,Fail
S01422,70.1,52.3,2.7,69.7,54.1,Fail
S01423,83.0,82.4,5.8,46.3,70.3,Pass
S01424,86.8,62.4,3.0,80.4,41.8,Pass
S01425,77.4,67.4,4.1,67.2,69.4,Pass
S01426,67.8,59.3,3.7,70.7,67.2,Pass
S01427,83.0,61.8,4.1,81.8,70.7,Pass
S01428,76.7,78.9,2.2,64.5,59.9,Pass
S01429,81.9,64.0,4.1,82.7,91.9,Pass
S01430,91.4,77.2,3.1,70.4,83.9,Pass
S01431,64.0,41.5,6.3,55.7,58.3,Fail
S01432,94.4,57.6,4.7,59.3,56.5,Pass
S01433,73.6,50.5,2.5,56.4,38.3,Fail
S01434,74.4,59.2,5.5,64.6,59.4,Pass
S01435,71.4,64.8,3.9,71.1,52.8,Pass
S01436,88.6,75.0,1.7,67.0,72.6,Pass
S01437,74.6,64.0,3.0,69.9,74.0,Fail
S01438,63.3,33.6,4.4,48.9,44.1,Fail
S01439,67.3,59.2,2.0,61.6,45.5,Fail
S01440,80.9,81.8,3.7,88.4,87.6,Pass
S01441,80.1,61.5,1.8,65.3,61.3,Pass
S01442,81.9,42.9,2.1,70.7,69.6,Pass
S01443,72.3,39.7,2.0,64.2,45.9,Fail
S01444,76.1,90.9,2.4,78.2,78.4,Pass
S01445,65.7,48.7,2.5,65.0,62.8,Pass
S01446,75.6,74.8,6.9,83.5,53.7,Pass
S01447,91.8,92.4,4.4,100.0,97.2,Pass
S01448,90.5,70.0,5.5,79.6,95.9,Pass
S01449,84.8,39.6,4.9,59.3,74.9,Pass
S01450,75.4,51.5,2.0,73.4,71.2,Pass
S01451,81.1,81.2,2.3,70.0,82.8,Pass
S01452,79.5,59.0,4.8,73.3,58.3,Pass
S01453,62.6,53.8,2.5,62.3,53.7,Fail
S01454,75.3,49.0,4.2,65.3,58.7,Fail
S01455,81.3,89.4,7.8,79.0,79.7,Pass
S01456,68.2,59.4,1.8,59.2,62.0,Fail
S01457,82.8,78.5,3.8,87.8,71.4,Pass
S01458,80.5,78.4,3.1,69.1,66.7,Pass
S01459,74.5,85.9,3.4,78.8,77.7,Pass
S01460,72.9,57.0,2.7,77.1,77.7,Pass
S01461,96.1,59.6,3.1,85.8,73.4,Pass
S01462,58.8,68.0,3.0,67.9,40.1,Pass
S01463,72.1,55.0,3.2,55.9,64.1,Pass
S01464,69.8,51.5,5.2,76.7,86.5,Pass
S01465,73.4,54.1,3.7,75.6,73.4,Pass
S01466,76.7,51.9,5.2,55.6,77.0,Pass
S01467,63.9,38.0,2.2,60.3,51.3,Pass
S01468,77.5,29.0,1.7,55.0,62.4,Fail
S01469,85.3,38.1,2.5,75.7,47.7,Fail
S01470,79.6,36.7,3.2,62.7,50.7,Fail
S01471,88.3,59.3,4.8,73.2,64.2,Pass
S01472,68.3,91.1,6.9,78.3,79.2,Pass
S01473,74.0,60.1,3.7,67.3,57.0,Fail
S01474,73.2,39.8,3.4,36.9,33.9,Fail
S01475,85.9,66.4,5.6,49.2,69.7,Pass
S01476,93.6,59.0,2.4,57.0,69.5,Fail
S01477,96.3,87.1,4.0,84.5,82.2,Pass
S01478,81.3,52.0,8.4,34.6,65.7,Fail
S01479,100.0,60.5,4.5,57.8,61.0,Pass
S01480,86.3,100.0,5.1,79.2,81.3,Pass
S01481,77.9,76.6,5.0,68.2,65.4,Pass
S01482,82.7,57.3,2.1,65.3,67.2,Fail
S01483,69.5,67.9,2.6,64.1,70.5,Pass
S01484,80.8,58.0,2.3,83.9,93.0,Pass
S01485,64.4,75.0,4.3,78.7,79.6,Pass
S01486,70.6,41.2,2.6,53.9,66.2,Pass
S01487,81.3,60.0,3.9,73.3,80.7,Pass
S01488,82.1,53.5,2.5,53.4,30.7,Pass
S01489,89.9,76.4,1.8,62.3,71.8,Pass
S01490,69.4,69.9,4.8,60.9,77.2,Pass
S01491,94.7,65.9,1.5,69.2,62.5,Pass
S01492,80.2,66.6,2.5,62.2,65.4,Pass
S01493,77.4,58.8,1.8,50.9,51.3,Pass
S01494,58.8,47.6,2.0,56.0,53.6,Fail
S01495,72.0,68.0,3.4,63.8,54.4,Fail
S01496,83.9,63.0,4.7,39.0,69.0,Fail
S01497,81.7,65.4,1.9,68.6,84.6,Pass
S01498,75.2,50.9,2.3,63.2,78.8,Pass
S01499,83.7,86.1,1.8,76.3,61.9,Pass
S01500,59.2,51.5,2.2,74.7,50.3,Pass
S01501,75.3,58.4,3.2,71.8,53.8,Pass
S01502,88.9,62.0,4.2,72.9,50.5,Pass
S01503,93.5,74.6,1.7,100.0,64.6,Pass
S01504,79.2,57.7,4.3,75.5,62.8,Pass
S01505,91.8,64.9,2.2,65.5,74.0,Pass
S01506,68.1,67.3,2.2,78.9,61.8,Pass
S01507,62.0,61.9,2.6,42.2,62.4,Fail
S01508,95.1,70.7,4.2,66.5,80.5,Pass
S01509,91.6,75.9,4.1,78.4,83.4,Pass
S01510,75.1,71.7,2.2,70.6,80.3,Pass
S01511,77.8,66.8,3.2,61.0,51.7,Pass
S01512,72.5,81.7,2.7,65.0,63.9,Pass
S01513,84.8,66.1,4.7,77.6,74.5,Pass
S01514,71.1,45.9,4.0,46.8,54.1,Fail
S01515,71.0,46.0,4.0,34.1,69.5,Fail
S01516,68.0,65.6,3.4,55.3,56.7,Fail
S01517,78.2,47.1,4.8,49.6,55.1,Pass
S01518,79.4,81.4,2.6,70.1,74.5,Pass
S01519,66.2,64.3,6.5,66.8,58.1,Fail
S01520,82.7,57.8,1.7,50.5,40.8,Fail
S01521,93.1,50.8,1.3,63.8,51.8,Pass
S01522,85.5,32.6,4.1,47.8,43.7,Fail
S01523,83.8,68.9,2.4,73.2,80.0,Pass
S01524,73.8,53.1,3.4,69.6,53.6,Fail
S01525,75.8,70.1,2.1,64.0,71.8,Pass
S01526,86.6,84.4,9.8,85.2,87.5,Pass
S01527,79.9,87.3,8.0,84.8,69.0,Pass
S01528,89.8,65.2,6.0,67.7,67.6,Pass
S01529,51.1,37.7,2.6,57.8,57.0,Fail
S01530,78.8,70.0,5.3,51.2,74.9,Pass
S01531,88.1,72.2,3.5,68.5,70.9,Pass
S01532,72.3,60.2,5.4,66.1,60.8,Pass
S01533,80.6,86.0,3.2,84.8,80.2,Pass
S01534,79.7,57.9,5.4,69.1,53.6,Pass
S01535,99.9,73.0,3.6,71.5,80.7,Pass
S01536,59.2,73.2,2.6,69.6,61.0,Pass
S01537,68.3,71.1,3.0,62.6,80.7,Pass
S01538,62.7,35.7,2.9,40.9,74.9,Pass
S01539,60.7,45.6,2.5,55.6,51.3,Fail
S01540,70.4,92.7,4.9,76.9,77.4,Pass
S01541,65.5,79.2,2.6,50.1,48.0,Fail
S01542,92.9,81.4,5.1,79.2,88.1,Pass
S01543,75.3,78.8,6.3,74.0,68.2,Pass
S01544,77.9,74.5,3.4,74.2,62.0,Pass
S01545,75.5,81.7,9.6,74.5,76.3,Pass
S01546,83.6,64.1,5.1,63.5,65.4,Fail
S01547,88.6,51.6,6.2,49.7,45.3,Fail
S01548,64.9,62.9,2.9,73.4,73.2,Pass
S01549,96.1,60.6,1.8,46.4,76.9,Pass
S01550,83.7,74.3,2.6,61.3,77.3,Pass
S01551,72.3,63.1,2.1,51.9,47.4,Fail
S01552,79.7,54.0,2.1,50.1,52.9,Fail
S01553,80.2,54.2,1.3,58.5,60.6,Fail
S01554,93.8,64.4,4.8,61.6,72.1,Pass
S01555,76.1,43.2,1.3,47.9,61.6,Fail
S01556,81.3,43.5,4.5,60.9,53.1,Pass
S01557,70.2,67.8,7.3,64.9,68.0,Pass
S01558,89.2,65.7,2.7,70.9,61.0,Pass
S01559,72.3,70.9,4.3,69.4,64.6,Pass
S01560,79.4,55.3,2.8,63.2,66.7,Fail
S01561,100.0,72.4,4.4,62.4,50.5,Pass
S01562,55.9,73.1,2.1,52.2,56.5,Pass
S01563,75.7,52.8,2.8,62.7,77.0,Pass
S01564,71.5,40.0,4.5,51.8,72.6,Fail
S01565,73.2,50.5,2.9,68.5,84.1,Pass
S01566,73.7,62.8,1.6,65.4,66.4,Fail
S01567,73.1,53.9,4.7,65.7,64.7,Pass
S01568,75.5,65.7,2.0,58.7,65.5,Pass
S01569,83.7,72.1,3.8,69.3,67.4,Pass
S01570,66.8,55.7,3.4,40.9,64.1,Pass
S01571,96.7,62.8,3.5,60.1,81.0,Pass
S01572,75.5,65.5,8.9,74.9,73.0,Pass
S01573,85.3,56.1,4.7,82.0,59.3,Fail
S01574,70.1,89.1,3.1,55.9,70.2,Pass
S01575,81.6,46.2,3.5,48.9,47.2,Fail
S01576,80.6,53.1,3.1,54.0,53.5,Pass
S01577,82.8,69.1,3.4,71.3,84.0,Pass
S01578,73.2,68.6,4.2,60.0,60.3,Pass
S01579,62.9,42.0,2.1,32.2,73.7,Fail
S01580,95.0,66.2,3.8,73.4,74.4,Pass
S01581,72.0,64.9,3.1,59.8,69.4,Pass
S01582,84.0,66.0,1.5,60.7,65.6,Fail
S01583,71.4,51.3,5.6,72.4,62.5,Pass
S01584,85.1,74.3,2.4,63.3,55.0,Pass
S01585,68.7,70.0,3.5,63.7,65.9,Pass
S01586,63.4,54.1,2.0,48.2,50.8,Fail
S01587,62.0,22.9,1.8,52.2,39.1,Fail
S01588,77.2,63.8,2.5,77.0,70.3,Pass
S01589,78.0,67.9,4.3,51.5,44.7,Pass
S01590,77.4,100.0,5.0,62.2,48.9,Pass
S01591,63.6,62.1,2.8,56.8,42.2,Pass
S01592,70.3,60.2,2.2,68.2,74.1,Pass
S01593,66.5,66.7,1.6,71.3,69.2,Pass
S01594,81.8,47.4,4.2,70.0,67.3,Fail
S01595,87.6,76.8,2.7,64.1,68.8,Pass
S01596,80.5,56.0,2.2,65.5,74.7,Fail
S01597,82.6,53.6,3.5,66.8,81.1,Pass
S01598,95.2,52.2,3.0,66.9,72.1,Pass
S01599,83.6,88.0,2.2,71.5,95.1,Pass
S01600,63.5,52.2,1.7,67.4,58.0,Fail
S01601,83.8,63.5,3.8,73.2,72.1,Pass
S01602,70.8,73.6,2.9,73.5,81.7,Pass
S01603,82.0,63.5,4.8,82.9,64.9,Pass
S01604,64.4,42.6,2.9,55.1,56.3,Fail
S01605,69.1,53.7,4.9,69.4,43.8,Pass
S01606,82.0,61.5,2.8,66.6,74.3,Pass
S01607,88.8,62.7,3.9,69.3,66.6,Pass
S01608,89.4,53.8,4.4,67.3,63.7,Pass
S01609,86.2,66.9,2.5,69.5,60.0,Pass
S01610,80.5,66.1,5.0,57.1,68.8,Pass
S01611,76.9,52.5,1.8,46.9,58.4,Pass
S01612,56.7,57.6,2.3,54.3,84.4,Fail
S01613,82.0,81.6,1.7,65.1,71.9,Fail
S01614,59.0,53.7,2.5,67.3,57.8,Fail
S01615,58.7,60.9,2.9,74.5,68.2,Pass
S01616,79.6,69.1,5.0,75.8,80.6,Pass
S01617,92.4,100.0,4.5,92.9,90.8,Pass
S01618,65.3,49.1,2.1,49.7,42.4,Pass
S01619,93.6,61.7,1.9,78.5,92.6,Pass
S01620,80.1,56.4,1.9,54.0,67.5,Fail
S01621,79.0,69.3,4.0,70.0,56.6,Pass
S01622,91.2,62.5,4.8,57.0,68.6,Fail
S01623,95.5,56.7,3.1,85.2,69.1,Pass
S01624,87.9,87.0,6.3,80.0,74.5,Pass
S01625,70.3,75.8,2.3,61.6,54.4,Pass
S01626,77.1,63.1,3.3,75.2,74.7,Pass
S01627,57.4,37.6,2.2,49.3,40.2,Fail
S01628,84.7,75.8,7.5,78.1,73.6,Pass
S01629,70.8,54.7,3.7,64.7,72.9,Pass
S01630,80.2,54.1,1.9,70.0,68.5,Fail
S01631,74.7,44.5,4.2,58.0,54.1,Fail
S01632,55.9,51.4,6.3,55.4,69.0,Fail
S01633,67.2,49.6,3.1,63.4,57.4,Fail
S01634,72.8,64.7,2.3,54.3,58.8,Pass
S01635,79.6,77.6,4.9,69.2,54.4,Fail
S01636,77.8,82.0,8.4,74.2,64.8,Pass
S01637,66.9,44.9,3.7,47.3,54.8,Fail
S01638,76.5,53.4,2.0,76.5,79.9,Fail
S01639,63.4,70.4,4.5,72.6,57.3,Fail
S01640,69.4,62.6,3.8,70.3,71.2,Fail
S01641,70.6,53.4,1.9,57.6,56.6,Pass
S01642,77.9,87.7,5.9,68.4,54.6,Pass
S01643,68.5,31.6,2.9,39.4,50.6,Fail
S01644,85.1,39.7,6.1,62.8,83.6,Pass
S01645,79.3,38.0,1.8,47.4,34.8,Fail
S01646,72.7,68.5,3.9,66.7,88.2,Pass
S01647,63.5,62.1,2.3,58.1,58.5,Pass
S01648,94.5,61.7,4.2,77.4,56.5,Pass
S01649,81.7,46.7,5.9,56.0,66.2,Fail
S01650,64.7,52.8,1.7,45.3,70.1,Fail
S01651,79.5,45.4,1.8,68.5,59.3,Pass
S01652,93.1,80.5,5.7,73.3,78.5,Pass
S01653,96.1,63.9,3.5,63.6,92.8,Pass
S01654,79.7,52.9,5.1,53.0,65.5,Pass
S01655,87.3,53.0,2.3,67.5,96.7,Fail
S01656,61.7,50.8,2.8,63.8,68.5,Fail
S01657,80.2,67.1,4.6,66.0,69.3,Fail
S01658,67.4,48.3,2.9,48.3,56.6,Fail
S01659,84.8,72.0,1.8,82.1,67.9,Pass
S01660,93.5,63.5,10.0,51.5,69.6,Fail
S01661,90.2,75.1,4.9,100.0,89.2,Pass
S01662,65.5,45.0,1.7,77.3,53.7,Fail
S01663,65.3,58.0,3.7,41.6,50.3,Fail
S01664,100.0,100.0,4.9,81.3,93.2,Pass
S01665,88.0,60.5,5.7,70.5,85.1,Pass
S01666,80.3,52.1,4.4,57.4,45.6,Fail
S01667,74.2,66.1,3.1,64.4,69.5,Fail
S01668,81.3,59.9,1.7,73.1,77.2,Pass
S01669,67.5,76.7,4.1,67.6,78.0,Pass
S01670,79.7,53.2,1.6,51.8,53.5,Pass
S01671,67.1,59.7,5.3,63.7,76.0,Pass
S01672,68.9,56.1,2.0,56.1,54.7,Fail
S01673,71.8,82.9,4.4,56.9,71.2,Pass
S01674,52.0,81.7,2.7,55.8,59.2,Fail
S01675,72.4,59.4,2.6,81.2,18.2,Fail
S01676,65.0,47.1,2.0,45.9,46.0,Fail
S01677,80.9,72.9,5.0,73.7,78.9,Pass
S01678,80.4,68.0,2.7,65.8,66.4,Pass
S01679,91.6,47.4,4.1,64.2,67.9,Fail
S01680,80.6,69.9,2.5,78.9,76.0,Fail
S01681,73.2,50.8,2.5,57.5,51.7,Fail
S01682,79.4,52.8,3.0,43.6,54.0,Fail
S01683,84.5,44.8,3.3,49.2,38.4,Fail
S01684,87.6,75.3,2.7,73.6,58.0,Pass
S01685,79.0,37.5,4.1,57.9,46.9,Fail
S01686,87.6,63.1,3.2,56.8,76.6,Fail
S01687,55.2,52.1,3.9,68.3,58.7,Fail
S01688,98.1,68.3,3.4,58.8,62.0,Pass
S01689,92.3,81.0,4.1,77.7,57.9,Pass
S01690,84.2,77.2,3.1,89.7,63.8,Pass
S01691,64.0,72.8,2.3,59.0,72.2,Pass
S01692,83.6,54.7,3.2,55.7,55.8,Fail
S01693,64.7,61.4,2.3,42.9,66.9,Fail
S01694,81.6,77.0,5.6,66.6,38.4,Pass
S01695,62.9,43.6,2.9,50.4,62.9,Fail
S01696,99.9,58.7,2.0,60.3,63.7,Pass
S01697,63.6,65.4,2.5,59.3,59.6,Fail
S01698,88.6,85.6,3.0,83.3,97.7,Pass
S01699,53.6,48.7,4.1,47.5,49.3,Pass
S01700,79.4,62.4,4.6,76.1,72.8,Pass
S01701,69.7,46.1,2.8,49.0,46.9,Fail
S01702,87.0,74.9,3.5,76.6,62.9,Pass
S01703,75.6,53.1,3.3,55.8,49.7,Pass
S01704,80.1,47.9,3.5,59.1,48.8,Fail
S01705,69.4,70.6,4.2,59.3,71.9,Pass
S01706,83.8,64.9,5.6,83.1,91.6,Pass
S01707,74.6,50.2,2.9,57.7,53.9,Pass
S01708,84.3,58.7,2.7,65.4,62.1,Pass
S01709,86.1,78.6,4.9,82.2,66.3,Pass
S01710,84.7,57.7,6.1,77.5,62.1,Pass
S01711,79.1,56.6,4.8,71.1,51.4,Pass
S01712,75.8,26.4,4.7,42.0,26.3,Fail
S01713,73.1,93.0,3.8,73.4,59.3,Pass
S01714,82.0,62.7,2.2,58.2,64.7,Fail
S01715,89.2,58.5,2.1,48.3,57.2,Pass
S01716,63.0,58.7,5.9,57.2,72.9,Pass
S01717,81.0,50.7,1.5,57.0,71.0,Pass
S01718,82.9,77.6,5.7,63.4,57.3,Pass
S01719,94.0,49.1,2.6,54.9,53.1,Fail
S01720,80.2,53.1,6.1,53.6,60.8,Pass
S01721,83.9,60.5,3.7,88.6,73.4,Pass
S01722,76.1,45.5,3.7,63.2,53.2,Pass
S01723,66.5,50.1,7.9,55.0,74.5,Fail
S01724,82.9,71.2,3.7,71.2,84.6,Pass
S01725,70.3,74.1,3.3,80.1,75.4,Pass
S01726,92.3,37.6,2.5,46.8,68.5,Pass
S01727,79.3,50.8,2.0,67.2,68.5,Pass
S01728,68.0,57.0,2.7,59.4,54.7,Fail
S01729,81.6,49.7,2.7,82.5,57.0,Pass
S01730,89.2,78.9,2.0,51.4,63.7,Fail
S01731,87.3,56.0,3.0,73.1,52.6,Pass
S01732,68.2,60.3,4.0,64.9,65.3,Pass
S01733,47.7,54.9,2.3,61.2,65.5,Fail
S01734,76.5,48.4,2.6,41.1,54.9,Fail
S01735,67.3,71.5,5.5,66.5,58.4,Pass
S01736,87.9,97.1,2.1,80.1,90.5,Pass
S01737,82.1,57.6,6.1,69.2,66.4,Pass
S01738,88.0,72.4,2.5,73.0,63.6,Pass
S01739,91.1,72.8,3.2,53.5,61.1,Pass
S01740,90.2,66.6,5.6,58.3,81.7,Pass
S01741,92.8,75.4,6.0,50.6,56.9,Fail
S01742,96.6,85.2,4.8,92.1,66.1,Pass
S01743,93.7,69.3,2.7,63.8,72.1,Pass
S01744,73.4,54.1,2.1,67.0,61.1,Fail
S01745,69.8,50.7,2.9,76.6,76.1,Pass
S01746,97.7,58.6,6.4,61.9,69.4,Pass
S01747,76.7,41.7,2.6,58.1,53.9,Fail
S01748,90.9,49.3,3.9,74.6,53.0,Pass
S01749,72.1,60.3,2.1,61.4,56.1,Pass
S01750,90.8,60.1,2.3,70.8,78.7,Pass
S01751,51.9,55.6,3.0,65.1,50.5,Fail
S01752,72.5,58.5,2.7,59.2,40.6,Fail
S01753,73.6,58.6,2.8,53.2,62.9,Pass
S01754,80.9,48.3,1.7,66.1,55.8,Fail
S01755,92.5,82.7,3.7,75.3,55.1,Pass
S01756,69.2,68.1,6.7,75.9,71.3,Pass
S01757,91.2,83.8,2.9,77.5,74.0,Pass
S01758,98.3,72.3,6.3,75.9,100.0,Pass
S01759,95.5,51.4,0.7,71.8,59.6,Fail
S01760,85.4,74.9,2.4,80.1,72.9,Pass
S01761,70.0,61.8,1.3,63.1,57.4,Fail
S01762,64.4,47.4,4.9,55.6,54.0,Fail
S01763,92.5,51.4,4.4,57.7,56.2,Fail
S01764,81.4,42.8,1.9,68.5,70.2,Fail
S01765,73.0,46.2,3.3,53.5,66.6,Pass
S01766,64.3,47.3,5.3,59.2,48.8,Fail
S01767,64.1,50.0,4.9,71.3,43.7,Fail
S01768,87.7,77.5,3.1,73.2,59.1,Pass
S01769,76.9,46.2,1.2,73.1,70.9,Fail
S01770,70.7,88.8,3.3,79.2,67.3,Pass
S01771,82.8,56.4,4.3,66.4,71.3,Pass
S01772,65.2,74.5,7.8,84.6,70.8,Pass
S01773,85.9,44.4,2.8,54.6,58.3,Pass
S01774,87.3,73.3,3.2,79.1,73.1,Pass
S01775,79.2,65.0,10.0,65.9,86.9,Pass
S01776,88.7,54.2,4.1,78.1,69.4,Fail
S01777,75.7,55.6,1.7,47.2,40.7,Fail
S01778,91.3,63.6,3.3,67.1,54.4,Pass
S01779,73.7,52.9,4.3,45.2,40.1,Fail
S01780,85.8,90.0,3.9,92.7,89.5,Pass
S01781,79.6,84.4,5.1,83.3,87.2,Pass
S01782,81.7,47.0,1.8,66.6,78.5,Pass
S01783,84.5,46.5,1.4,34.1,47.0,Fail
S01784,69.2,56.0,2.2,70.5,43.5,Fail
S01785,87.3,64.8,3.2,69.0,59.5,Pass
S01786,75.2,77.9,4.4,67.3,63.9,Pass
S01787,64.0,55.8,4.9,60.7,73.4,Fail
S01788,74.6,62.9,7.3,46.1,69.7,Pass
S01789,83.4,71.2,2.6,56.1,83.2,Pass
S01790,81.9,63.8,3.3,69.7,68.0,Pass
S01791,57.8,41.2,2.0,57.5,29.9,Fail
S01792,81.6,45.4,5.1,62.7,53.3,Pass
S01793,82.4,62.4,5.4,71.6,80.9,Pass
S01794,69.2,55.2,2.7,57.0,66.4,Fail
S01795,55.5,31.8,6.0,49.9,48.9,Fail
S01796,73.1,67.9,2.4,79.7,59.1,Pass
S01797,83.4,73.0,4.8,60.0,55.5,Pass
S01798,82.1,61.3,5.8,68.0,51.9,Pass
S01799,68.3,54.5,1.8,47.3,84.5,Fail
S01800,73.5,63.2,4.0,75.2,81.5,Pass
S01801,86.6,62.4,1.1,61.5,56.8,Fail
S01802,68.3,56.1,4.9,79.1,50.1,Pass
S01803,76.9,53.4,2.1,62.2,65.7,Pass
S01804,89.1,56.1,4.0,67.6,61.5,Pass
S01805,66.2,66.4,4.5,72.7,73.5,Pass
S01806,81.8,44.8,4.1,44.8,61.5,Fail
S01807,94.9,69.7,5.0,79.8,56.7,Pass
S01808,75.3,47.3,3.4,59.4,79.9,Pass
S01809,75.4,70.2,2.9,73.1,62.4,Pass
S01810,91.6,72.2,3.6,71.3,79.5,Pass
S01811,67.4,70.6,1.7,51.5,49.2,Fail
S01812,48.1,40.2,2.4,44.2,61.9,Fail
S01813,79.2,68.9,3.1,68.9,42.3,Pass
S01814,83.1,92.0,2.4,56.6,74.0,Pass
S01815,86.1,66.6,1.7,69.7,58.2,Fail
S01816,67.6,57.9,1.9,62.2,63.5,Pass
S01817,79.2,59.2,1.0,67.3,84.3,Pass
S01818,91.0,87.6,3.3,73.9,63.9,Pass
S01819,80.3,55.7,4.1,71.5,59.0,Fail
S01820,62.6,64.9,1.1,58.3,60.1,Fail
S01821,81.8,38.1,2.8,45.9,46.2,Fail
S01822,80.1,68.4,3.5,64.2,60.1,Pass
S01823,93.1,60.0,2.4,97.3,75.9,Pass
S01824,68.3,82.9,3.0,81.0,72.3,Pass
S01825,73.7,51.8,4.5,60.5,64.7,Pass
S01826,86.0,56.9,2.4,82.2,61.9,Pass
S01827,81.5,84.1,3.8,56.6,61.9,Pass
S01828,73.4,72.7,4.6,57.8,75.9,Pass
S01829,54.1,58.1,2.1,54.7,57.1,Pass
S01830,91.4,69.5,4.8,52.0,61.9,Pass
S01831,84.0,75.0,4.3,70.7,63.7,Pass
S01832,89.4,41.0,3.0,68.3,70.0,Pass
S01833,82.8,59.5,7.4,63.9,47.8,Pass
S01834,85.8,65.9,5.2,59.9,67.6,Fail
S01835,75.5,65.1,1.8,74.7,66.8,Pass
S01836,83.6,62.7,2.9,66.9,66.3,Pass
S01837,92.3,48.6,9.2,71.0,80.4,Pass
S01838,77.6,62.5,2.2,59.2,49.9,Fail
S01839,100.0,63.1,4.1,91.3,50.6,Pass
S01840,61.0,51.5,4.9,57.0,53.1,Fail
S01841,60.4,59.0,4.0,76.1,49.3,Fail
S01842,87.6,74.1,4.6,59.2,33.4,Pass
S01843,73.2,63.0,5.0,80.4,91.2,Pass
S01844,91.1,63.6,2.8,52.0,61.4,Pass
S01845,85.7,60.2,2.0,51.4,63.9,Fail
S01846,85.1,39.2,3.1,53.1,48.3,Fail
S01847,86.8,51.9,2.8,63.7,70.8,Pass
S01848,66.5,37.5,2.4,32.8,53.4,Fail
S01849,61.7,62.1,5.7,36.0,72.1,Pass
S01850,94.5,61.7,3.1,83.0,72.8,Pass
S01851,61.6,69.2,6.1,70.9,61.0,Fail
S01852,93.7,58.2,3.8,84.5,68.1,Pass
S01853,83.7,50.9,3.0,63.2,79.8,Pass
S01854,80.9,71.8,1.7,60.8,72.6,Pass
S01855,84.7,60.5,8.2,66.6,58.2,Fail
S01856,80.4,56.5,3.0,59.9,64.7,Pass
S01857,73.5,71.5,1.3,55.7,70.1,Pass
S01858,95.4,74.1,5.6,89.7,71.9,Pass
S01859,92.6,68.0,3.4,89.0,68.2,Pass
S01860,74.9,51.8,1.9,57.6,44.4,Fail
S01861,74.9,51.9,5.2,71.8,71.7,Fail
S01862,86.2,56.7,1.0,45.0,45.1,Fail
S01863,66.2,78.1,3.0,92.1,73.4,Pass
S01864,86.8,81.9,3.4,75.9,66.1,Fail
S01865,86.5,72.0,4.8,66.1,78.7,Pass
S01866,71.4,62.4,8.3,71.6,84.0,Pass
S01867,86.7,71.6,2.9,59.0,52.1,Pass
S01868,81.3,66.5,4.3,73.4,70.8,Pass
S01869,70.1,62.0,9.5,50.2,60.0,Pass
S01870,88.3,62.0,3.4,77.6,72.7,Pass
S01871,70.7,76.0,4.5,72.9,73.3,Pass
S01872,84.4,53.8,1.9,71.0,57.8,Fail
S01873,58.5,74.0,6.7,58.7,62.6,Fail
S01874,76.7,72.3,2.1,54.1,55.1,Pass
S01875,75.1,61.8,3.2,45.9,75.6,Fail
S01876,67.2,61.4,2.9,56.1,44.3,Pass
S01877,85.2,54.1,3.8,65.0,74.0,Fail
S01878,85.2,65.6,3.5,78.1,84.5,Pass
S01879,93.6,73.3,4.4,78.8,81.0,Pass
S01880,74.2,47.9,5.5,52.4,51.1,Fail
S01881,85.7,67.9,9.1,57.7,86.0,Pass
S01882,86.9,59.7,3.7,76.8,53.5,Pass
S01883,70.8,70.5,2.6,68.8,50.9,Fail
S01884,71.9,86.1,2.4,63.6,73.9,Pass
S01885,70.2,57.0,7.6,46.0,42.1,Pass
S01886,75.2,76.7,3.6,69.8,57.7,Pass
S01887,84.6,55.2,4.5,55.3,53.3,Pass
S01888,80.6,56.2,4.5,58.9,58.9,Fail
S01889,75.1,48.9,6.6,51.6,61.8,Fail
S01890,68.3,89.8,3.2,79.5,79.7,Pass
S01891,91.1,69.1,2.4,66.1,74.3,Pass
S01892,69.4,50.9,6.3,55.7,71.9,Fail
S01893,64.8,63.5,4.1,43.8,42.8,Fail
S01894,85.1,54.5,3.0,54.8,51.4,Pass
S01895,84.1,51.8,5.9,62.8,78.7,Pass
S01896,85.3,54.8,3.8,53.4,72.4,Pass
S01897,77.0,43.1,5.1,52.8,70.5,Pass
S01898,79.9,68.0,3.9,59.6,62.8,Pass
S01899,72.7,70.0,4.5,53.0,72.7,Fail
S01900,81.7,44.5,3.6,43.7,53.7,Fail
S01901,86.8,68.9,2.7,51.8,68.5,Pass
S01902,82.5,74.2,3.5,87.4,87.9,Pass
S01903,99.3,92.6,3.1,65.1,61.7,Pass
S01904,75.7,65.0,3.6,68.9,44.9,Pass
S01905,68.3,67.9,3.0,64.3,90.5,Pass
S01906,58.7,57.8,3.4,62.1,63.0,Fail
S01907,60.8,59.8,3.9,57.4,65.1,Pass
S01908,75.8,46.0,3.7,67.7,65.3,Pass
S01909,73.2,56.1,3.4,62.2,39.9,Fail
S01910,86.6,64.5,2.8,90.1,71.4,Pass
S01911,74.7,39.2,2.7,64.4,54.7,Pass
S01912,88.3,67.1,1.8,65.4,70.2,Pass
S01913,81.5,47.0,3.4,76.9,70.3,Fail
S01914,66.4,31.7,1.5,58.3,8.5,Fail
S01915,77.5,76.8,4.0,62.6,79.8,Fail
S01916,79.8,35.0,1.7,31.3,46.3,Fail
S01917,62.2,52.9,1.4,58.4,65.1,Fail
S01918,85.5,71.9,9.3,71.6,71.3,Pass
S01919,74.2,51.9,2.9,60.3,64.3,Pass
S01920,80.2,49.2,4.9,41.5,57.4,Fail
S01921,70.9,53.2,2.3,68.3,61.2,Fail
S01922,83.0,63.5,7.5,62.9,78.5,Pass
S01923,69.3,47.5,1.6,47.0,55.3,Fail
S01924,95.4,76.4,4.1,85.2,94.2,Pass
S01925,78.8,60.8,2.1,65.2,57.7,Pass
S01926,91.6,76.5,8.1,46.8,53.4,Pass
S01927,79.2,56.0,2.8,49.1,80.2,Pass
S01928,75.3,50.4,4.1,54.8,57.0,Pass
S01929,81.0,66.9,4.4,67.2,82.3,Pass
S01930,86.7,60.0,3.6,74.4,72.7,Pass
S01931,66.7,53.7,3.3,38.4,51.2,Fail
S01932,78.3,52.1,5.4,69.4,73.8,Pass
S01933,75.3,49.0,3.9,59.2,65.5,Pass
S01934,86.7,69.8,4.2,79.3,58.6,Pass
S01935,76.4,40.0,3.4,66.3,58.2,Pass
S01936,88.6,60.3,8.8,76.6,66.7,Pass
S01937,79.7,57.9,2.8,59.4,79.6,Fail
S01938,88.2,60.9,1.4,50.8,76.7,Pass
S01939,80.1,58.6,2.0,58.2,81.5,Pass
S01940,98.6,71.4,2.0,58.0,64.1,Pass
S01941,73.9,58.6,2.0,47.3,51.9,Fail
S01942,87.7,69.3,2.4,49.3,70.2,Fail
S01943,67.7,70.6,2.8,50.1,47.0,Fail
S01944,82.9,41.2,2.8,49.5,75.9,Pass
S01945,69.4,60.0,3.5,63.8,76.3,Pass
S01946,75.8,45.7,2.0,60.2,56.4,Pass
S01947,70.7,71.7,4.5,76.2,71.4,Pass
S01948,79.5,54.4,3.7,64.4,54.2,Fail
S01949,70.0,48.1,5.6,70.2,47.7,Pass
S01950,79.7,88.1,6.0,90.7,56.3,Pass
S01951,76.7,55.2,2.9,81.3,67.3,Fail
S01952,93.4,70.8,5.8,84.3,65.5,Pass
S01953,75.7,50.3,3.0,58.3,58.9,Pass
S01954,61.3,54.8,4.2,66.2,61.5,Fail
S01955,89.4,70.9,4.6,66.2,72.7,Pass
S01956,63.0,38.0,2.8,56.4,67.5,Fail
S01957,88.9,73.3,3.9,71.2,56.6,Pass
S01958,79.2,46.8,2.7,60.6,66.8,Fail
S01959,83.3,89.7,2.3,57.2,59.5,Pass
S01960,92.9,59.0,1.3,59.1,67.4,Pass
S01961,72.3,58.4,2.6,47.0,78.3,Fail
S01962,81.9,42.8,3.3,75.2,72.6,Fail
S01963,88.9,73.8,5.0,61.6,65.5,Fail
S01964,71.4,57.2,4.4,67.8,66.2,Pass
S01965,69.0,47.9,2.7,72.0,70.4,Pass
S01966,76.5,71.1,2.7,73.0,53.2,Pass
S01967,82.7,71.9,3.2,80.7,57.4,Pass
S01968,63.2,68.7,2.2,54.4,62.3,Pass
S01969,82.2,59.1,1.3,82.9,48.5,Pass
S01970,68.6,72.2,2.0,82.6,68.7,Pass
S01971,89.4,63.1,5.6,65.7,60.8,Pass
S01972,82.3,63.5,6.7,75.6,64.8,Pass
S01973,96.1,68.4,4.6,56.8,66.1,Pass
S01974,91.3,90.4,4.0,78.8,89.7,Pass
S01975,71.2,50.8,1.6,66.5,62.6,Fail
S01976,74.0,61.9,3.4,56.7,70.7,Pass
S01977,71.8,43.5,3.3,53.8,48.8,Pass
S01978,79.6,72.8,4.8,72.6,67.0,Pass
S01979,95.3,59.7,5.3,97.3,76.9,Pass
S01980,71.7,49.4,5.7,56.7,96.8,Fail
S01981,97.2,74.1,7.4,81.5,51.4,Pass
S01982,88.0,73.3,2.6,56.1,51.9,Fail
S01983,75.8,50.3,10.0,62.4,54.6,Fail
S01984,93.7,61.6,1.4,53.1,67.1,Pass
S01985,66.5,51.4,2.2,49.5,62.9,Pass
S01986,79.7,57.6,3.5,66.9,57.7,Pass
S01987,65.2,68.0,4.2,58.1,77.1,Pass
S01988,92.2,42.4,2.8,65.5,64.5,Pass
S01989,61.4,44.0,2.5,53.0,70.4,Fail
S01990,60.3,47.0,6.8,43.2,69.3,Fail
S01991,71.9,65.2,2.8,64.9,45.7,Pass
S01992,92.6,56.6,2.4,73.8,77.3,Fail
S01993,88.2,73.3,6.7,65.7,53.7,Pass
S01994,83.7,67.9,5.3,75.0,75.6,Pass
S01995,88.2,59.5,5.2,72.8,65.8,Pass
S01996,79.5,69.6,3.8,78.9,68.5,Pass
S01997,83.8,64.6,2.0,66.0,55.1,Pass
S01998,93.0,70.7,3.4,56.1,76.5,Pass
S01999,72.8,48.4,1.7,61.9,48.2,Fail
S02000,80.7,69.7,4.8,90.0,90.0,Pass
S02001,81.4,55.5,4.1,49.3,47.2,Fail
S02002,82.9,57.3,4.7,52.3,61.0,Fail
S02003,81.6,54.4,3.4,63.7,88.7,Pass
S02004,88.7,51.2,4.6,66.5,93.4,Pass
S02005,71.1,51.5,1.9,46.8,38.4,Pass
S02006,84.4,65.9,5.6,82.2,66.4,Pass
S02007,81.9,47.2,4.3,51.2,59.7,Pass
S02008,76.7,62.3,2.1,42.3,82.5,Fail
S02009,97.6,67.8,4.8,73.8,73.8,Pass
S02010,84.6,80.8,5.6,70.1,82.1,Pass
S02011,70.5,51.3,2.9,42.0,60.2,Fail
S02012,90.4,82.9,3.0,76.7,65.7,Pass
S02013,90.3,67.1,3.9,68.5,50.5,Pass
S02014,85.7,35.6,4.1,62.5,59.3,Fail
S02015,91.3,66.5,2.9,81.6,100.0,Fail
S02016,65.5,63.2,2.3,61.7,69.9,Pass
S02017,55.9,66.5,4.1,78.6,77.2,Pass
S02018,87.6,38.3,4.2,64.3,45.9,Fail
S02019,85.0,68.0,8.5,64.2,66.6,Fail
S02020,80.6,56.0,4.6,71.1,77.9,Pass
S02021,85.1,65.5,2.0,67.2,54.3,Pass
S02022,92.8,55.3,6.8,69.4,59.7,Pass
S02023,91.8,71.9,5.2,62.0,57.4,Pass
S02024,87.1,73.3,1.5,72.0,74.5,Pass
S02025,64.8,55.0,1.9,54.4,60.8,Fail
S02026,66.7,57.8,2.3,65.7,62.9,Fail
S02027,56.7,64.8,5.0,82.3,79.5,Pass
S02028,73.9,67.2,0.9,44.3,44.9,Pass
S02029,89.4,52.4,3.2,65.6,78.4,Pass
S02030,87.5,53.0,4.3,66.1,56.2,Fail
S02031,89.9,84.7,1.3,76.2,82.1,Pass
S02032,74.8,66.0,4.2,76.1,41.1,Pass
S02033,76.5,74.3,5.1,72.6,62.6,Pass
S02034,67.8,66.2,2.2,58.9,88.3,Fail
S02035,77.0,42.7,2.1,63.0,73.4,Pass
S02036,72.0,86.3,2.6,62.1,77.9,Pass
S02037,92.5,56.5,1.1,66.7,53.7,Pass
S02038,69.6,85.3,3.3,67.9,61.2,Pass
S02039,71.3,32.7,3.2,66.6,56.0,Fail
S02040,59.4,68.4,2.1,57.4,67.4,Fail
S02041,85.1,66.0,5.5,75.4,93.4,Pass
S02042,81.5,75.2,3.8,81.9,81.8,Pass
S02043,83.2,84.5,4.7,64.6,80.9,Pass
S02044,67.5,59.5,2.6,76.6,61.3,Pass
S02045,70.4,39.0,3.8,49.9,64.4,Fail
S02046,70.0,52.9,4.9,58.3,44.6,Pass
S02047,80.3,67.4,3.1,76.9,49.9,Pass
S02048,97.9,72.8,4.8,76.8,77.6,Pass
S02049,80.9,74.1,4.6,69.3,67.5,Pass
S02050,79.4,53.9,3.4,64.5,43.7,Pass
S02051,75.6,57.2,7.2,77.4,48.7,Fail
S02052,67.1,52.4,2.1,70.3,66.9,Pass
S02053,83.2,100.0,3.2,81.0,68.6,Pass
S02054,100.0,100.0,3.5,100.0,90.8,Pass
S02055,77.3,36.0,4.6,77.1,65.8,Pass
S02056,84.4,69.2,3.2,55.6,69.8,Pass
S02057,69.2,67.9,2.4,84.2,56.0,Fail
S02058,45.7,43.9,5.1,44.7,52.2,Fail
S02059,67.6,52.5,6.4,73.5,68.0,Pass
S02060,95.6,49.9,2.5,56.4,55.2,Pass
S02061,78.1,54.9,1.6,62.2,52.0,Fail
S02062,99.8,67.6,8.7,75.5,84.9,Pass
S02063,76.7,77.8,4.1,73.9,75.3,Pass
S02064,58.5,66.0,4.1,67.2,56.4,Pass
S02065,67.8,50.5,3.3,76.9,63.5,Fail
S02066,81.8,72.9,2.4,68.2,59.1,Pass
S02067,84.7,56.3,3.2,82.8,73.0,Pass
S02068,78.4,57.0,4.3,46.9,81.3,Fail
S02069,75.8,62.2,3.0,70.0,73.7,Pass
S02070,86.4,83.1,3.9,67.8,88.1,Pass
S02071,73.1,52.7,3.2,64.9,65.9,Pass
S02072,76.2,27.5,1.8,61.7,54.1,Fail
S02073,73.1,38.2,5.0,45.0,51.6,Pass
S02074,73.2,65.2,4.1,64.1,65.7,Pass
S02075,69.3,71.6,3.8,76.8,69.9,Pass
S02076,69.4,74.1,3.5,34.7,46.0,Fail
S02077,95.2,77.1,1.6,70.8,63.2,Pass
S02078,88.9,65.4,2.7,63.6,58.5,Pass
S02079,79.7,33.3,1.4,38.7,61.8,Fail
S02080,66.5,71.0,3.1,60.7,38.5,Pass
S02081,66.1,63.1,4.0,80.3,70.6,Pass
S02082,90.0,59.9,3.7,78.5,52.3,Pass
S02083,82.5,47.7,4.6,54.4,62.4,Fail
S02084,80.8,51.7,1.9,75.0,62.8,Pass
S02085,79.7,68.0,2.7,82.7,53.6,Pass
S02086,67.2,68.0,4.3,72.2,81.8,Pass
S02087,86.2,69.6,3.6,59.1,38.0,Pass
S02088,87.5,54.6,1.8,56.3,62.3,Fail
S02089,69.0,44.0,5.0,67.6,69.0,Fail
S02090,74.1,51.0,6.5,69.8,84.3,Pass
S02091,90.5,67.0,4.0,58.7,49.9,Pass
S02092,75.5,69.7,2.0,57.0,64.9,Pass
S02093,95.0,58.6,3.6,74.4,78.7,Pass
S02094,81.2,66.0,4.2,68.6,84.4,Pass
S02095,75.2,67.9,3.0,69.7,80.6,Fail
S02096,82.4,84.7,6.3,83.8,99.4,Pass
S02097,76.5,63.3,3.5,62.5,66.7,Pass
S02098,85.7,56.3,7.0,58.4,64.3,Pass
S02099,79.8,55.6,3.6,48.2,49.3,Fail
S02100,94.3,69.7,4.5,83.2,55.6,Pass
S02101,81.6,65.3,5.0,79.1,66.9,Pass
S02102,67.7,46.3,4.9,39.0,32.1,Fail
S02103,75.9,42.7,4.4,64.5,55.2,Fail
S02104,74.8,72.1,3.5,81.9,55.6,Pass
S02105,90.7,60.7,2.5,61.9,68.8,Pass
S02106,85.8,63.8,2.0,60.2,53.9,Fail
S02107,83.5,64.2,1.5,82.2,56.6,Pass
S02108,64.8,53.1,3.1,59.6,67.9,Pass
S02109,89.4,69.6,2.6,63.9,53.7,Fail
S02110,81.0,86.3,3.0,72.8,62.8,Fail
S02111,79.4,79.9,5.3,61.0,58.2,Pass
S02112,94.4,55.6,3.4,79.1,82.0,Pass
S02113,78.0,76.3,8.0,84.3,75.5,Pass
S02114,74.0,59.9,2.7,69.4,60.8,Pass
S02115,78.6,70.6,2.4,57.4,48.7,Fail
S02116,66.3,52.6,1.9,62.7,91.4,Pass
S02117,82.0,46.0,4.5,68.3,87.9,Pass
S02118,71.7,60.5,5.3,57.0,82.4,Pass
S02119,73.9,72.5,2.7,64.8,59.9,Pass
S02120,73.7,73.3,2.4,60.7,66.1,Pass
S02121,75.0,72.4,6.6,76.3,74.3,Fail
S02122,71.0,65.6,1.9,67.8,56.6,Pass
S02123,76.0,59.4,4.5,44.4,49.5,Pass
S02124,77.9,69.1,2.7,69.7,82.3,Pass
S02125,79.3,59.9,3.9,65.3,65.2,Pass
S02126,100.0,65.7,5.2,72.2,55.2,Pass
S02127,86.0,100.0,5.3,82.5,92.1,Pass
S02128,82.3,59.5,2.8,54.3,56.0,Pass
S02129,86.9,67.5,6.1,63.1,47.5,Pass
S02130,82.5,74.2,4.3,70.9,61.3,Pass
S02131,81.8,61.7,10.0,67.0,61.1,Fail
S02132,88.1,80.8,2.3,88.3,85.1,Pass
S02133,79.3,61.5,1.6,60.9,65.2,Fail
S02134,70.3,60.9,5.2,65.2,81.6,Fail
S02135,70.6,53.9,3.0,55.8,57.7,Fail
S02136,77.0,51.5,4.4,84.6,58.4,Pass
S02137,62.3,66.5,2.2,61.6,81.3,Pass
S02138,95.2,77.1,3.8,68.8,82.7,Pass
S02139,99.0,63.9,4.2,97.4,66.0,Pass
S02140,85.3,54.4,3.1,81.0,78.2,Pass
S02141,84.4,68.2,3.6,53.2,60.2,Pass
S02142,87.2,61.1,1.8,70.3,51.0,Fail
S02143,77.0,78.5,5.5,82.4,100.0,Pass
S02144,88.6,74.7,6.2,77.4,62.9,Pass
S02145,70.4,41.8,1.8,57.7,64.1,Fail
S02146,96.3,67.1,1.8,55.9,44.6,Pass
S02147,71.4,53.4,4.7,71.5,67.3,Fail
S02148,90.5,48.6,2.2,79.3,59.6,Pass
S02149,74.0,61.4,4.4,71.2,81.6,Pass
S02150,98.6,60.0,3.4,70.9,86.4,Pass
S02151,69.2,56.7,2.8,61.6,71.7,Fail
S02152,91.9,62.4,6.6,77.9,72.5,Pass
S02153,81.2,53.6,4.3,68.9,57.9,Pass
S02154,78.4,47.8,3.2,57.5,57.8,Fail
S02155,81.8,46.1,1.4,83.6,72.0,Fail
S02156,72.9,81.8,4.8,78.8,71.3,Pass
S02157,56.6,63.7,2.3,70.8,79.0,Fail
S02158,85.3,47.8,2.7,60.9,50.2,Pass
S02159,75.0,57.9,3.6,73.3,87.4,Pass
S02160,86.4,63.8,6.5,48.5,56.1,Pass
S02161,80.1,44.7,2.8,60.5,54.2,Pass
S02162,85.9,55.4,1.7,59.4,63.2,Pass
S02163,90.9,69.4,7.0,74.1,79.9,Pass
S02164,59.7,63.6,4.8,74.6,51.7,Pass
S02165,86.7,57.4,4.9,71.6,65.1,Pass
S02166,80.7,68.5,7.1,83.9,51.3,Pass
S02167,99.8,89.9,9.4,97.1,78.8,Pass
S02168,77.1,49.1,1.9,52.1,46.9,Fail
S02169,81.4,47.9,1.7,47.5,64.0,Fail
S02170,74.2,56.2,4.3,76.0,53.0,Pass
S02171,64.1,64.0,2.7,57.1,53.9,Fail
S02172,70.0,35.7,2.7,55.6,72.5,Pass
S02173,61.8,60.1,2.0,60.3,86.3,Pass
S02174,68.4,41.7,3.6,50.8,47.3,Pass
S02175,63.4,55.4,4.1,82.4,79.5,Fail
S02176,66.3,66.2,3.1,78.5,70.6,Pass
S02177,81.8,62.0,2.0,74.2,50.6,Fail
S02178,85.6,55.3,5.7,69.6,61.0,Fail
S02179,81.0,82.3,4.0,76.8,37.4,Pass
S02180,73.0,68.9,5.0,63.3,66.8,Pass
S02181,77.1,63.4,1.9,83.4,69.5,Pass
S02182,74.7,50.1,3.5,71.0,69.1,Pass
S02183,64.1,51.4,2.0,45.4,80.6,Fail
S02184,72.5,50.5,3.0,59.2,76.1,Pass
S02185,58.6,61.8,3.9,52.1,45.2,Fail
S02186,85.2,69.5,3.9,71.4,55.2,Pass
S02187,73.4,64.9,3.3,59.5,79.2,Fail
S02188,80.5,48.1,3.1,67.9,51.7,Pass
S02189,94.4,87.2,2.3,76.2,91.1,Pass
S02190,83.9,55.1,2.5,66.0,99.6,Pass
S02191,88.7,83.3,5.7,67.9,78.5,Pass
S02192,56.5,58.5,2.4,48.3,72.2,Fail
S02193,67.7,45.0,4.6,65.8,70.5,Pass
S02194,88.7,71.6,4.6,57.9,60.2,Pass
S02195,84.1,87.7,4.8,61.5,70.4,Pass
S02196,88.0,43.1,3.0,60.2,42.3,Fail
S02197,93.2,66.9,2.7,59.4,78.7,Fail
S02198,81.7,58.7,3.1,64.5,54.3,Pass
S02199,74.4,61.8,4.2,55.3,72.1,Fail
S02200,67.3,39.8,1.3,65.9,72.5,Fail
S02201,69.8,57.9,5.1,68.5,56.8,Pass
S02202,72.4,61.8,2.7,70.8,56.9,Pass
S02203,73.9,82.3,3.2,71.5,64.8,Pass
S02204,73.3,50.3,3.5,72.1,60.6,Pass
S02205,86.6,70.4,3.7,71.2,75.4,Pass
S02206,92.7,73.4,1.9,56.3,53.9,Fail
S02207,85.4,56.2,3.3,73.1,53.6,Pass
S02208,77.5,65.4,4.5,76.6,75.1,Pass
S02209,90.2,60.3,1.6,65.5,77.1,Pass
S02210,80.4,49.3,1.9,62.4,59.7,Pass
S02211,81.6,51.8,5.3,70.5,53.8,Pass
S02212,81.8,65.9,5.0,65.0,85.7,Fail
S02213,82.2,65.1,4.4,79.2,70.4,Pass
S02214,91.4,81.1,3.2,78.4,100.0,Pass
S02215,75.0,46.7,4.0,49.9,58.4,Pass
S02216,72.0,58.2,2.1,53.3,67.6,Fail
S02217,71.1,58.5,3.1,52.5,61.4,Fail
S02218,81.3,61.6,1.9,61.9,67.9,Pass
S02219,80.3,51.4,2.9,59.4,99.1,Pass
S02220,69.5,38.0,1.8,45.0,51.6,Fail
S02221,68.2,64.8,4.5,72.5,80.5,Pass
S02222,87.0,66.6,3.6,58.5,61.5,Fail
S02223,88.4,65.1,2.7,71.8,79.4,Pass
S02224,57.7,49.2,4.6,57.3,39.3,Fail
S02225,86.5,51.3,2.0,49.3,79.3,Fail
S02226,77.1,44.2,3.4,69.1,71.4,Pass
S02227,81.2,63.0,2.6,56.4,64.2,Pass
S02228,91.1,64.4,4.8,75.9,79.9,Pass
S02229,100.0,74.2,5.7,77.5,83.2,Pass
S02230,88.8,57.9,5.8,76.5,55.5,Pass
S02231,82.9,63.4,3.6,67.4,43.2,Pass
S02232,61.2,62.9,0.9,65.5,78.1,Pass
S02233,55.1,62.0,2.4,44.7,54.4,Fail
S02234,92.7,68.5,7.6,74.4,70.7,Pass
S02235,87.2,48.9,2.6,61.0,53.6,Fail
S02236,67.5,48.0,1.4,66.8,74.4,Pass
S02237,76.3,70.9,4.0,80.1,60.4,Pass
S02238,70.5,63.6,4.0,65.5,72.4,Fail
S02239,69.7,55.4,2.2,73.8,55.9,Pass
S02240,87.2,65.6,2.9,60.7,50.2,Fail
S02241,85.6,68.6,2.8,86.6,84.6,Pass
S02242,72.6,69.3,3.7,50.6,72.2,Pass
S02243,96.8,49.7,2.8,57.1,48.7,Fail
S02244,70.0,63.2,2.3,54.2,72.3,Fail
S02245,85.6,65.3,3.5,60.7,70.6,Pass
S02246,66.6,69.7,2.3,64.5,66.4,Fail
S02247,70.7,43.6,4.9,40.4,76.1,Fail
S02248,77.0,65.7,4.3,63.0,57.2,Fail
S02249,86.1,56.1,3.1,73.4,62.0,Fail
S02250,81.2,66.2,4.0,72.1,72.4,Pass
S02251,68.0,59.9,4.4,48.3,48.4,Pass
S02252,74.4,53.2,3.1,61.1,46.7,Pass
S02253,71.6,77.9,4.9,63.7,72.3,Pass
S02254,75.3,43.9,4.4,43.7,54.7,Pass
S02255,85.4,63.9,3.1,76.2,73.4,Pass
S02256,76.4,51.0,5.5,52.7,56.9,Fail
S02257,79.7,60.5,6.0,83.5,58.6,Fail
S02258,77.8,68.9,3.8,62.0,70.5,Pass
S02259,93.4,92.7,3.2,87.8,75.6,Pass
S02260,90.0,64.4,3.9,61.9,75.1,Pass
S02261,82.3,45.8,2.2,45.2,52.5,Fail
S02262,79.3,55.8,2.2,69.2,64.7,Pass
S02263,91.3,64.6,4.2,77.1,81.3,Pass
S02264,73.4,59.4,2.1,60.6,70.8,Pass
S02265,79.1,58.7,3.1,75.1,74.6,Pass
S02266,92.4,74.0,3.2,76.8,52.7,Pass
S02267,88.7,65.8,2.1,66.8,81.8,Pass
S02268,72.3,51.7,4.2,69.4,61.2,Pass
S02269,60.5,55.8,2.4,65.5,53.7,Fail
S02270,75.2,59.7,5.3,66.0,48.9,Pass
S02271,73.9,64.6,3.2,74.7,91.7,Pass
S02272,89.9,66.4,2.5,62.0,31.3,Pass
S02273,88.0,50.2,2.5,59.0,86.7,Pass
S02274,74.7,84.7,3.8,78.2,77.1,Pass
S02275,69.7,55.2,3.4,58.3,46.2,Pass
S02276,60.0,36.0,3.0,33.3,66.2,Fail
S02277,67.9,44.8,2.9,73.3,62.4,Fail
S02278,84.7,71.5,9.7,80.8,53.9,Pass
S02279,86.6,71.3,3.7,54.7,57.5,Pass
S02280,60.6,63.2,1.7,58.1,57.6,Pass
S02281,100.0,72.5,2.5,68.9,93.4,Pass
S02282,67.4,66.6,4.1,62.2,61.7,Pass
S02283,68.8,74.1,2.5,86.8,45.2,Pass
S02284,94.8,83.4,4.4,68.9,83.8,Pass
S02285,92.2,45.7,5.0,56.6,74.7,Pass
S02286,78.2,70.3,5.0,74.0,44.4,Pass
S02287,85.0,62.2,2.6,68.8,74.7,Pass
S02288,91.2,60.5,6.4,99.9,87.2,Pass
S02289,83.9,68.5,4.3,69.5,69.4,Pass
S02290,60.2,66.9,2.1,60.9,45.7,Fail
S02291,56.8,60.5,3.3,85.4,62.6,Pass
S02292,75.1,82.0,4.6,68.9,70.6,Pass
S02293,99.4,86.8,3.0,75.1,78.5,Pass
S02294,93.5,58.8,3.6,65.5,71.5,Pass
S02295,81.1,75.3,6.9,69.0,51.0,Pass
S02296,72.9,54.2,5.5,76.7,75.4,Pass
S02297,91.2,80.1,4.7,87.2,89.7,Pass
S02298,80.0,65.2,3.3,57.1,62.5,Pass
S02299,82.3,58.8,2.5,61.9,58.0,Fail
S02300,55.7,63.9,2.6,63.9,79.2,Pass
S02301,100.0,59.7,1.7,63.0,77.1,Pass
S02302,85.5,77.0,3.3,52.8,55.7,Pass
S02303,66.7,32.3,3.1,36.3,45.3,Fail
S02304,69.5,75.3,3.1,61.1,71.3,Pass
S02305,89.0,67.9,2.4,68.9,82.6,Pass
S02306,81.4,75.7,3.2,57.8,53.6,Pass
S02307,87.2,68.9,7.3,86.2,68.5,Pass
S02308,83.0,65.0,4.8,50.4,69.1,Fail
S02309,82.9,71.2,3.9,71.3,63.0,Pass
S02310,83.5,66.9,7.8,65.9,46.8,Pass
S02311,88.5,83.4,10.0,66.0,63.0,Pass
S02312,83.1,69.5,2.8,82.6,72.5,Pass
S02313,86.7,88.6,3.6,78.5,92.7,Pass
S02314,91.3,56.7,4.4,68.0,58.7,Pass
S02315,64.2,59.3,2.5,66.3,68.2,Pass
S02316,71.3,66.7,4.9,69.2,70.3,Pass
S02317,77.9,59.9,3.3,52.9,56.9,Fail
S02318,73.4,64.9,4.1,68.2,61.0,Pass
S02319,84.0,74.4,3.5,78.0,85.6,Pass
S02320,89.2,72.7,2.3,61.2,51.1,Pass
S02321,79.3,63.3,1.6,47.6,60.7,Fail
S02322,65.9,89.6,7.1,67.5,72.8,Pass
S02323,79.6,74.0,5.6,89.0,77.7,Pass
S02324,79.6,69.8,4.4,73.3,49.6,Pass
S02325,69.8,46.0,2.8,56.0,47.5,Fail
S02326,85.8,59.5,1.4,82.7,55.7,Pass
S02327,73.2,45.6,1.9,51.9,42.7,Fail
S02328,83.4,96.8,3.6,75.3,85.1,Pass
S02329,69.0,67.2,2.2,58.5,66.4,Fail
S02330,78.5,81.8,1.9,84.9,91.3,Pass
S02331,70.0,61.5,2.0,58.4,58.8,Fail
S02332,68.9,51.4,2.8,73.7,65.4,Pass
S02333,86.0,67.4,3.5,65.2,76.5,Pass
S02334,82.4,68.3,4.8,82.8,65.6,Pass
S02335,84.3,66.2,7.1,60.2,48.2,Pass
S02336,72.9,49.9,4.4,78.4,65.5,Pass
S02337,100.0,91.9,4.4,100.0,80.0,Pass
S02338,88.0,69.1,7.6,64.6,65.8,Pass
S02339,84.0,69.0,2.0,71.2,75.2,Fail
S02340,87.5,84.3,1.6,64.6,56.3,Pass
S02341,76.6,69.6,2.8,68.6,67.1,Pass
S02342,57.3,46.9,4.5,70.1,53.7,Fail
S02343,63.8,51.6,2.7,45.8,48.5,Fail
S02344,84.8,46.6,2.1,64.8,56.3,Fail
S02345,82.8,50.9,2.7,78.1,64.2,Fail
S02346,72.0,63.1,1.8,41.2,60.5,Fail
S02347,70.3,63.0,2.0,75.6,59.9,Fail
S02348,57.9,61.3,5.7,56.7,61.1,Fail
S02349,97.1,72.8,3.8,84.1,64.6,Pass
S02350,80.0,55.9,7.4,78.1,62.4,Pass
S02351,75.5,57.0,2.5,83.8,92.8,Pass
S02352,72.2,66.1,4.4,70.7,62.9,Pass
S02353,89.8,49.6,3.6,47.2,42.9,Pass
S02354,87.4,68.0,4.8,68.3,71.1,Pass
S02355,65.9,47.0,3.2,57.1,49.8,Pass
S02356,80.8,44.1,3.7,37.4,53.0,Fail
S02357,76.4,66.0,4.2,68.6,66.1,Pass
S02358,72.6,70.1,2.2,65.8,74.3,Pass
S02359,81.0,79.6,5.2,65.2,73.6,Pass
S02360,75.8,74.4,3.9,86.0,74.8,Pass
S02361,70.0,79.8,3.0,75.2,89.7,Pass
S02362,82.0,55.9,3.9,53.5,34.8,Fail
S02363,72.5,34.7,4.6,58.8,49.1,Fail
S02364,86.2,74.2,2.9,81.0,60.5,Fail
S02365,91.1,88.6,4.0,88.4,65.7,Pass
S02366,89.4,82.9,2.3,80.0,71.4,Pass
S02367,64.0,60.4,1.9,72.3,67.7,Pass
S02368,67.3,56.1,2.9,66.5,73.8,Fail
S02369,80.6,43.4,4.1,69.8,58.7,Fail
S02370,69.1,78.2,2.9,78.7,69.3,Pass
S02371,77.9,38.1,5.1,62.1,54.0,Pass
S02372,65.4,51.2,3.0,69.1,52.9,Fail
S02373,77.2,67.4,3.0,53.0,74.9,Fail
S02374,99.1,71.7,3.6,72.7,90.5,Pass
S02375,84.4,50.1,4.7,61.0,50.3,Fail
S02376,50.8,49.1,1.7,37.8,66.1,Fail
S02377,88.3,77.5,3.4,61.3,62.3,Pass
S02378,92.2,63.8,2.4,43.5,52.8,Pass
S02379,100.0,72.1,2.7,54.7,71.4,Pass
S02380,82.8,59.8,3.3,63.0,71.5,Pass
S02381,65.6,58.3,3.1,62.9,63.3,Fail
S02382,85.8,63.9,5.6,66.2,67.9,Fail
S02383,87.1,50.1,2.7,52.9,67.8,Pass
S02384,74.1,52.7,3.9,57.6,55.5,Pass
S02385,90.7,65.1,3.9,81.6,70.1,Pass
S02386,69.0,63.3,5.4,59.1,80.0,Pass
S02387,72.2,59.8,2.4,57.6,40.0,Fail
S02388,58.4,73.5,3.2,73.8,65.8,Pass
S02389,73.5,92.1,5.2,63.9,85.2,Pass
S02390,78.6,55.3,2.9,64.8,71.4,Pass
S02391,67.5,25.5,3.2,37.6,61.7,Fail
S02392,67.9,77.1,9.3,71.4,56.7,Pass
S02393,67.7,39.3,1.8,44.6,57.6,Fail
S02394,83.0,63.1,6.4,72.1,65.1,Pass
S02395,74.3,36.4,2.4,46.4,84.3,Pass
S02396,73.8,42.7,4.9,55.7,66.5,Pass
S02397,83.7,43.4,4.1,67.0,62.6,Pass
S02398,73.9,56.8,4.1,72.2,67.8,Pass
S02399,88.4,52.8,2.9,53.6,62.0,Fail
S02400,70.4,69.5,3.2,71.5,77.8,Pass
S02401,94.1,71.5,2.4,63.6,53.5,Pass
S02402,92.4,79.3,3.8,88.2,87.8,Pass
S02403,76.1,49.0,3.2,55.7,53.6,Fail
S02404,72.3,62.6,3.3,51.8,63.2,Pass
S02405,76.6,55.9,1.7,82.5,50.9,Pass
S02406,76.4,46.3,2.7,48.8,54.7,Fail
S02407,89.6,65.5,5.7,52.2,78.8,Pass
S02408,65.2,61.7,4.6,57.8,44.9,Pass
S02409,70.1,33.3,2.5,30.0,47.2,Fail
S02410,57.0,56.0,8.7,63.3,46.5,Fail
S02411,71.2,66.6,2.4,64.9,56.5,Pass
S02412,97.6,70.8,3.9,72.3,61.6,Pass
S02413,55.9,36.2,1.5,46.6,55.6,Pass
S02414,56.6,48.6,2.4,61.0,51.1,Fail
S02415,85.1,62.0,7.8,60.8,82.0,Pass
S02416,96.2,58.2,3.4,66.7,89.0,Pass
S02417,79.0,52.4,1.6,57.3,60.8,Pass
S02418,56.7,71.9,4.3,53.8,71.2,Pass
S02419,65.9,68.5,4.2,69.0,85.4,Pass
S02420,68.4,42.7,3.5,34.1,39.3,Fail
S02421,60.7,23.4,2.3,51.1,68.3,Fail
S02422,79.1,64.8,2.1,62.2,63.6,Fail
S02423,86.6,78.7,3.7,84.7,66.5,Pass
S02424,72.1,52.0,3.9,63.8,66.1,Pass
S02425,95.2,65.8,3.3,68.7,65.9,Pass
S02426,88.4,75.5,4.5,63.7,58.8,Pass
S02427,97.6,72.2,3.5,89.2,69.1,Pass
S02428,84.8,60.9,3.7,57.9,79.7,Pass
S02429,76.4,75.1,3.3,64.4,68.9,Fail
S02430,84.2,78.0,3.1,91.5,95.1,Pass
S02431,69.1,39.6,2.9,46.1,50.6,Pass
S02432,88.8,71.0,3.2,87.0,64.6,Pass
S02433,68.6,62.1,3.7,69.4,40.4,Pass
S02434,94.4,51.4,4.8,73.5,77.2,Pass
S02435,71.6,66.6,3.9,55.3,68.7,Fail
S02436,76.2,46.9,1.5,38.4,54.7,Fail
S02437,73.1,56.1,2.0,66.5,50.4,Pass
S02438,75.0,59.8,2.7,69.5,80.2,Fail
S02439,100.0,66.7,2.7,68.5,71.2,Pass
S02440,72.8,77.4,2.6,75.0,63.3,Fail
S02441,75.5,49.2,4.9,59.2,60.0,Pass
S02442,74.8,73.4,4.7,67.5,65.7,Pass
S02443,75.3,71.5,2.5,61.8,65.0,Pass
S02444,80.9,77.1,4.6,63.0,55.9,Pass
S02445,69.2,57.1,4.2,72.4,72.7,Pass
S02446,85.2,74.6,4.5,98.9,95.0,Pass
S02447,82.9,51.7,5.0,64.4,62.4,Pass
S02448,86.2,60.3,2.4,72.7,74.2,Fail
S02449,82.1,72.6,3.7,82.8,86.1,Pass
S02450,82.6,57.7,2.4,73.4,81.7,Fail
S02451,70.8,48.9,2.1,40.9,56.3,Fail
S02452,72.7,50.8,1.8,52.8,62.7,Fail
S02453,72.7,66.3,2.4,77.5,73.6,Pass
S02454,60.7,75.5,3.1,45.1,55.0,Pass
S02455,71.1,49.5,2.8,59.5,57.6,Fail
S02456,87.2,53.8,3.0,69.7,60.5,Pass
S02457,79.1,60.8,3.3,87.7,100.0,Pass
S02458,71.2,63.8,6.3,55.6,58.7,Pass
S02459,66.2,45.0,1.7,43.8,64.4,Fail
S02460,82.6,35.6,1.6,48.3,42.9,Fail
S02461,66.1,47.3,2.0,57.7,75.5,Fail
S02462,75.3,42.4,2.7,52.8,52.5,Fail
S02463,77.6,64.6,4.0,73.7,65.5,Pass
S02464,71.6,79.2,3.7,48.4,37.6,Pass
S02465,76.3,62.0,4.4,60.7,73.1,Pass
S02466,75.5,54.7,2.9,62.9,74.9,Fail
S02467,84.2,52.0,2.7,58.6,50.0,Fail
S02468,83.8,61.8,7.5,85.2,88.2,Pass
S02469,96.7,76.8,1.2,73.2,56.2,Pass
S02470,79.4,70.1,3.4,73.0,73.0,Pass
S02471,61.5,53.8,3.7,63.5,59.6,Fail
S02472,82.9,71.3,6.7,65.4,77.4,Pass
S02473,83.7,66.3,1.8,63.5,71.0,Pass
S02474,81.5,76.5,3.0,65.8,80.3,Pass
S02475,72.2,57.4,1.7,68.5,72.9,Pass
S02476,57.9,61.5,1.6,71.8,63.1,Pass
S02477,53.6,33.9,2.4,38.8,51.2,Fail
S02478,94.1,63.5,4.8,69.5,55.4,Pass
S02479,75.9,78.9,5.9,52.3,68.2,Fail
S02480,86.3,55.1,2.6,58.5,84.9,Pass
S02481,71.5,84.8,5.5,90.7,87.2,Pass
S02482,63.7,43.5,2.7,57.0,48.4,Fail
S02483,85.7,73.1,4.3,69.0,85.3,Pass
S02484,77.6,65.9,5.2,39.5,70.0,Pass
S02485,83.3,49.7,3.0,61.7,74.3,Pass
S02486,77.1,59.6,5.0,67.9,70.5,Fail
S02487,76.5,73.6,2.1,71.0,71.3,Pass
S02488,74.8,58.1,4.8,82.0,50.4,Pass
S02489,73.5,65.1,6.0,76.6,87.9,Pass
S02490,91.2,62.3,4.8,64.5,41.5,Fail
S02491,95.7,92.7,2.3,61.8,82.9,Pass
S02492,65.7,49.4,2.8,57.9,62.1,Pass
S02493,72.3,75.4,4.1,61.9,80.5,Fail
S02494,72.4,58.4,3.6,43.1,62.3,Pass
S02495,86.1,67.3,4.0,66.4,85.1,Pass
S02496,85.8,85.7,7.8,99.0,82.0,Pass
S02497,82.9,57.2,1.9,62.6,68.2,Pass
S02498,70.0,38.5,2.3,48.2,54.7,Fail
S02499,72.9,40.7,1.6,56.6,82.5,Pass
S02500,100.0,74.5,5.0,61.6,81.3,Pass
S02501,73.7,77.5,4.4,79.1,55.7,Pass
S02502,94.2,66.0,10.0,49.4,61.7,Pass
S02503,95.4,83.8,5.7,70.3,79.7,Pass
S02504,85.2,73.6,4.0,69.9,83.1,Pass
S02505,64.7,74.0,4.3,79.0,66.9,Pass
S02506,82.8,65.3,3.3,68.0,96.9,Fail
S02507,80.3,72.5,4.2,63.8,78.8,Fail
S02508,80.5,51.3,3.9,62.3,73.1,Pass
S02509,71.0,68.9,1.7,67.7,58.9,Pass
S02510,84.4,61.6,3.5,56.5,75.9,Fail
S02511,85.3,74.9,3.2,69.0,56.9,Pass
S02512,95.7,84.7,8.3,70.8,70.1,Pass
S02513,70.6,56.2,3.2,70.6,64.1,Pass
S02514,72.2,55.9,2.7,74.6,86.8,Fail
S02515,82.5,62.1,3.8,75.4,71.9,Pass
S02516,92.1,65.7,3.2,59.6,52.2,Pass
S02517,79.6,60.8,3.2,73.0,60.3,Fail
S02518,88.4,82.2,2.4,77.4,91.6,Pass
S02519,79.1,66.4,3.3,74.8,67.4,Pass
S02520,67.9,54.1,2.1,37.6,59.8,Fail
S02521,83.9,44.6,3.0,41.2,73.2,Fail
S02522,84.8,96.4,5.6,85.3,41.6,Pass
S02523,81.7,49.5,2.5,67.8,78.2,Pass
S02524,73.4,54.0,2.4,53.9,43.9,Pass
S02525,89.2,78.2,5.2,78.5,75.6,Pass
S02526,86.5,68.3,3.2,85.1,87.6,Pass
S02527,71.2,59.9,9.4,61.4,81.2,Pass
S02528,68.4,62.1,3.5,66.3,68.7,Fail
S02529,82.7,78.0,2.3,80.9,81.6,Pass
S02530,75.7,68.7,2.2,76.0,72.7,Pass
S02531,78.3,88.4,2.6,73.6,89.7,Pass
S02532,83.2,71.6,2.6,65.2,86.8,Pass
S02533,87.8,82.9,4.2,55.2,68.9,Pass
S02534,89.9,65.3,2.2,80.8,59.0,Pass
S02535,90.6,72.4,2.8,68.1,62.0,Pass
S02536,67.9,77.4,6.0,79.3,74.9,Pass
S02537,63.2,49.1,2.4,85.2,59.2,Pass
S02538,68.3,49.4,3.5,54.2,43.4,Fail
S02539,82.0,74.0,1.8,60.2,75.1,Pass
S02540,79.3,68.7,3.1,70.0,53.5,Pass
S02541,74.6,71.8,2.5,61.9,70.4,Pass
S02542,77.4,75.8,3.9,66.2,70.5,Pass
S02543,82.0,59.7,2.1,59.6,65.0,Pass
S02544,69.8,40.3,8.4,68.0,80.9,Pass
S02545,99.2,79.8,1.7,53.5,73.5,Pass
S02546,77.1,55.3,4.9,75.4,86.6,Pass
S02547,87.0,51.6,4.5,65.8,58.1,Pass
S02548,81.6,70.7,4.8,82.2,83.5,Pass
S02549,76.7,43.0,2.7,57.0,55.9,Fail
S02550,81.8,62.0,7.4,74.6,71.4,Pass
S02551,80.1,39.4,7.2,53.3,40.3,Fail
S02552,76.6,55.0,3.0,71.0,52.4,Fail
S02553,90.9,64.3,3.3,63.3,63.0,Pass
S02554,55.7,64.0,2.0,53.0,34.0,Fail
S02555,88.7,75.1,2.2,76.0,65.2,Pass
S02556,77.6,70.9,3.8,64.0,56.3,Pass
S02557,60.1,39.1,2.8,45.2,47.8,Fail
S02558,99.2,72.1,1.9,86.8,84.3,Pass
S02559,100.0,81.0,4.8,74.8,64.6,Fail
S02560,66.4,70.4,4.5,82.8,86.1,Pass
S02561,81.9,62.0,2.7,72.8,62.4,Pass
S02562,85.3,72.2,2.6,61.1,61.5,Pass
S02563,87.9,86.8,4.7,70.9,80.6,Pass
S02564,98.6,79.7,7.8,78.1,75.1,Pass
S02565,94.7,61.5,4.5,71.9,64.4,Pass
S02566,76.5,51.0,4.0,44.9,55.2,Pass
S02567,99.6,50.1,2.4,62.2,48.2,Pass
S02568,88.8,68.0,3.0,72.3,73.3,Pass
S02569,66.4,48.4,3.4,60.7,19.4,Fail
S02570,73.7,64.7,2.0,75.0,79.0,Pass
S02571,98.5,87.1,4.8,63.9,88.9,Pass
S02572,74.5,73.4,4.4,77.3,88.0,Fail
S02573,81.0,79.7,3.9,74.4,100.0,Pass
S02574,77.6,52.4,3.9,71.6,77.5,Pass
S02575,81.8,59.7,3.4,65.2,58.7,Pass
S02576,78.0,70.8,2.7,67.8,92.3,Pass
S02577,61.8,71.4,1.9,57.8,47.2,Fail
S02578,85.5,51.0,2.8,57.1,38.5,Fail
S02579,80.3,80.7,6.6,89.1,95.2,Pass
S02580,100.0,85.1,5.9,78.2,82.3,Pass
S02581,75.2,51.5,2.6,66.5,38.5,Pass
S02582,93.7,84.0,3.2,82.9,58.2,Pass
S02583,84.2,74.5,2.8,71.0,71.4,Pass
S02584,91.7,80.4,2.9,53.6,59.0,Pass
S02585,85.7,72.1,3.9,79.8,61.4,Pass
S02586,84.8,96.7,5.7,71.0,94.5,Pass
S02587,88.8,57.5,8.3,73.0,89.9,Pass
S02588,100.0,98.2,2.8,70.3,77.7,Pass
S02589,74.7,73.8,4.5,58.5,66.6,Pass
S02590,88.3,82.7,4.5,88.8,80.3,Pass
S02591,75.3,51.8,2.6,50.2,53.9,Fail
S02592,91.6,92.2,2.9,95.4,57.2,Pass
S02593,81.2,82.1,3.9,71.3,39.4,Fail
S02594,58.1,58.6,8.5,68.8,70.3,Pass
S02595,70.5,46.0,3.0,51.1,64.1,Pass
S02596,84.6,33.2,2.2,47.3,60.3,Fail
S02597,75.6,73.0,3.6,77.0,83.6,Pass
S02598,88.1,57.4,2.2,59.2,77.9,Pass
S02599,71.7,42.5,2.6,45.3,67.4,Fail
S02600,81.3,100.0,5.0,83.4,75.4,Pass
S02601,84.8,75.5,2.3,63.3,65.1,Fail
S02602,90.3,61.7,1.1,65.8,75.7,Pass
S02603,82.3,67.9,3.7,72.6,62.6,Pass
S02604,88.6,73.1,2.8,67.8,50.4,Pass
S02605,85.2,70.8,2.9,71.9,87.2,Pass
S02606,60.3,56.3,2.2,64.4,55.4,Fail
S02607,71.5,56.4,3.4,55.6,54.1,Fail
S02608,62.5,47.3,2.8,54.1,58.7,Fail
S02609,87.9,60.3,5.3,89.5,57.4,Pass
S02610,81.7,52.1,4.1,53.9,55.6,Fail
S02611,80.9,48.1,2.4,50.3,59.7,Pass
S02612,86.4,63.6,3.0,69.9,64.2,Pass
S02613,85.1,49.1,3.2,70.8,73.0,Pass
S02614,62.8,58.3,3.0,57.9,59.2,Pass
S02615,70.7,54.4,1.3,35.9,36.1,Fail
S02616,63.5,55.8,6.6,54.0,76.1,Pass
S02617,74.7,79.6,4.4,77.4,68.1,Pass
S02618,96.6,64.7,3.1,81.6,82.0,Pass
S02619,85.6,57.6,1.4,56.8,70.1,Pass
S02620,91.1,75.1,3.8,92.8,67.6,Pass
S02621,71.8,62.5,2.4,66.3,55.4,Pass
S02622,67.4,48.5,3.0,57.5,72.3,Pass
S02623,86.5,97.4,1.7,78.4,96.9,Pass
S02624,89.5,47.7,2.8,70.8,68.2,Pass
S02625,80.5,75.4,2.6,53.8,55.2,Pass
S02626,62.5,62.4,3.0,64.6,83.2,Pass
S02627,85.1,81.6,3.6,80.9,68.9,Pass
S02628,67.5,90.7,4.1,64.6,80.1,Pass
S02629,82.9,64.0,5.5,57.0,55.5,Pass
S02630,72.5,55.1,2.7,63.0,68.6,Pass
S02631,68.0,70.0,2.3,75.7,56.4,Pass
S02632,82.4,72.8,1.5,41.1,54.9,Fail
S02633,83.7,53.4,2.7,62.2,58.8,Pass
S02634,81.0,84.8,1.9,61.9,73.2,Pass
S02635,100.0,77.8,5.6,84.6,75.9,Pass
S02636,89.1,70.0,3.7,76.5,84.2,Pass
S02637,69.8,50.7,4.6,78.6,54.7,Pass
S02638,82.7,58.7,5.8,69.8,62.2,Pass
S02639,79.0,49.3,2.6,68.4,77.5,Fail
S02640,87.8,53.2,2.7,62.8,71.1,Pass
S02641,83.7,65.9,6.1,68.2,54.5,Fail
S02642,82.0,51.1,3.5,72.7,68.8,Pass
S02643,62.2,61.4,3.6,45.7,50.2,Fail
S02644,72.2,51.6,4.5,50.2,69.0,Fail
S02645,84.0,70.2,5.7,83.0,96.5,Pass
S02646,64.1,58.2,3.8,75.2,36.5,Fail
S02647,83.3,82.3,7.1,61.7,70.6,Pass
S02648,80.8,58.9,3.0,73.3,65.2,Pass
S02649,80.1,58.6,4.2,67.4,68.0,Pass
S02650,74.0,87.1,4.2,71.2,93.3,Fail
S02651,71.4,52.4,4.4,30.4,59.3,Pass
S02652,63.5,33.2,2.0,35.7,46.7,Fail
S02653,85.6,72.3,2.0,77.4,64.1,Pass
S02654,75.9,61.1,3.9,58.0,47.2,Pass
S02655,75.1,68.7,2.2,71.3,57.8,Pass
S02656,71.8,55.1,2.0,56.0,55.7,Fail
S02657,80.6,72.5,5.7,58.8,72.1,Pass
S02658,83.8,43.9,4.3,53.9,57.5,Fail
S02659,80.7,51.5,2.8,64.7,57.6,Pass
S02660,93.1,64.7,1.0,72.1,58.3,Pass
S02661,85.0,68.8,3.6,50.1,51.2,Pass
S02662,89.4,58.0,4.0,67.5,54.9,Pass
S02663,89.6,56.9,3.9,57.5,55.4,Pass
S02664,87.2,65.2,3.3,45.6,63.1,Fail
S02665,66.7,56.0,2.9,57.5,77.8,Fail
S02666,85.1,87.1,2.9,76.4,54.1,Pass
S02667,88.1,53.9,2.0,61.3,75.3,Fail
S02668,90.1,50.0,2.4,57.5,71.6,Fail
S02669,71.1,61.1,3.8,73.9,67.8,Pass
S02670,82.2,54.2,3.5,78.7,77.9,Pass
S02671,82.3,61.3,5.0,74.0,69.1,Pass
S02672,100.0,100.0,2.3,89.6,80.6,Pass
S02673,59.2,61.8,1.6,70.8,64.0,Fail
S02674,72.4,72.4,3.0,65.1,70.0,Fail
S02675,61.4,56.0,2.1,64.1,69.3,Pass
S02676,81.6,60.5,3.7,58.2,69.1,Fail
S02677,100.0,88.4,2.4,78.3,82.3,Pass
S02678,80.5,50.6,5.7,65.1,62.4,Pass
S02679,73.0,34.4,1.9,46.5,46.4,Fail
S02680,85.5,64.8,6.7,63.6,61.9,Pass
S02681,82.7,88.6,4.8,74.6,70.9,Pass
S02682,81.3,57.0,2.1,68.6,75.4,Pass
S02683,86.2,76.8,8.7,73.9,68.1,Pass
S02684,67.0,56.7,3.4,43.6,68.1,Fail
S02685,71.3,62.2,2.9,46.2,58.3,Fail
S02686,86.0,48.1,3.3,54.1,62.2,Pass
S02687,80.4,53.8,3.2,52.3,67.7,Fail
S02688,89.4,58.7,4.0,68.2,72.3,Pass
S02689,86.8,84.7,2.8,79.8,75.2,Pass
S02690,74.3,36.4,2.4,42.0,51.5,Fail
S02691,80.7,51.1,3.0,56.6,57.9,Fail
S02692,69.4,52.1,3.7,52.6,42.0,Fail
S02693,71.8,52.1,4.2,55.6,56.6,Pass
S02694,76.0,46.4,3.4,69.1,68.4,Pass
S02695,69.6,70.4,3.2,85.7,58.8,Pass
S02696,86.2,73.4,2.9,82.8,64.7,Pass
S02697,90.0,59.9,2.2,65.2,65.3,Fail
S02698,72.0,61.0,4.3,77.5,98.6,Pass
S02699,84.3,47.4,2.7,65.3,76.1,Fail
S02700,66.6,51.0,2.8,63.9,71.8,Pass
S02701,68.8,81.7,4.1,69.3,63.4,Pass
S02702,92.7,59.7,2.9,54.0,62.0,Pass
S02703,72.4,70.1,3.7,52.5,52.9,Fail
S02704,69.8,76.8,2.7,74.1,70.9,Pass
S02705,81.7,56.5,3.8,68.7,73.0,Pass
S02706,80.7,78.0,2.9,60.9,49.3,Pass
S02707,86.3,88.0,3.4,84.8,73.1,Pass
S02708,85.6,37.5,3.7,30.2,50.7,Fail
S02709,70.8,92.5,4.2,63.8,61.6,Pass
S02710,69.3,54.9,2.6,57.1,56.1,Pass
S02711,92.8,49.7,3.1,60.7,57.9,Pass
S02712,89.9,62.4,6.9,81.3,67.3,Pass
S02713,85.7,60.0,2.9,78.1,62.0,Pass
S02714,68.8,75.9,2.9,49.7,63.4,Fail
S02715,88.3,58.8,4.3,58.5,59.2,Fail
S02716,86.2,54.8,3.7,56.6,83.9,Pass
S02717,81.1,54.9,2.9,78.4,84.1,Fail
S02718,72.3,76.2,2.5,77.2,69.7,Pass
S02719,83.9,83.1,3.8,74.4,69.7,Pass
S02720,89.2,47.7,3.8,44.1,52.4,Pass
S02721,67.7,45.4,5.8,56.2,70.7,Fail
S02722,75.7,63.7,2.2,79.1,80.6,Pass
S02723,66.8,64.2,5.4,55.2,51.4,Pass
S02724,74.1,71.8,3.0,49.7,63.0,Pass
S02725,74.1,58.1,4.5,57.9,65.6,Pass
S02726,85.9,78.7,2.4,76.7,64.1,Pass
S02727,79.6,74.5,1.6,56.0,53.3,Pass
S02728,76.9,61.0,1.9,77.4,66.0,Pass
S02729,88.4,80.3,3.7,88.2,72.6,Pass
S02730,79.6,45.0,3.5,45.2,48.8,Pass
S02731,56.2,48.9,2.9,52.9,57.6,Fail
S02732,83.4,35.3,2.5,53.2,50.5,Pass
S02733,77.0,64.1,6.5,73.3,70.4,Pass
S02734,72.2,40.9,3.1,53.4,74.0,Fail
S02735,81.9,73.9,3.7,78.8,61.6,Fail
S02736,76.7,43.1,10.0,53.9,83.1,Pass
S02737,79.7,74.0,2.9,66.9,66.1,Pass
S02738,79.3,53.3,2.4,60.1,55.4,Fail
S02739,85.8,100.0,5.5,87.9,96.2,Pass
S02740,97.6,72.5,5.3,83.4,68.2,Pass
S02741,81.9,38.8,3.4,53.1,81.3,Pass
S02742,84.1,82.3,3.8,76.8,73.1,Pass
S02743,81.9,69.5,5.4,40.8,65.9,Pass
S02744,65.1,36.8,4.6,53.8,53.6,Fail
S02745,100.0,69.3,3.6,53.8,76.2,Pass
S02746,72.5,64.7,3.0,74.5,71.8,Fail
S02747,84.0,71.7,4.5,82.8,63.4,Pass
S02748,74.5,59.6,2.4,67.2,66.3,Pass
S02749,75.0,57.8,4.6,53.2,75.9,Pass
S02750,77.9,51.5,4.3,62.6,58.4,Pass
S02751,71.0,60.8,10.0,63.5,85.5,Pass
S02752,87.9,66.5,5.7,64.1,69.7,Pass
S02753,59.0,45.4,1.8,33.8,49.7,Fail
S02754,88.0,60.7,2.7,66.9,61.9,Pass
S02755,88.7,63.7,1.8,78.4,94.0,Fail
S02756,68.8,45.3,1.2,52.8,67.6,Pass
S02757,86.1,83.5,3.8,76.3,82.9,Pass
S02758,78.3,54.5,2.1,70.9,65.6,Fail
S02759,71.2,77.5,7.0,68.1,77.4,Pass
S02760,70.9,71.8,5.9,57.1,76.0,Fail
S02761,82.1,58.9,2.7,60.9,59.1,Pass
S02762,78.0,40.1,2.4,43.2,55.6,Fail
S02763,79.1,54.3,5.6,56.2,74.2,Pass
S02764,76.9,71.4,7.4,78.2,89.7,Pass
S02765,73.6,52.5,2.1,73.4,59.4,Pass
S02766,72.0,59.8,2.0,59.4,46.8,Pass
S02767,54.9,50.4,2.3,54.4,70.8,Pass
S02768,86.2,100.0,4.9,69.2,96.5,Pass
S02769,86.7,73.7,3.0,75.6,76.3,Pass
S02770,82.5,50.7,4.4,72.4,91.0,Pass
S02771,98.1,84.2,8.2,85.4,76.5,Pass
S02772,71.4,66.4,2.0,66.5,60.3,Pass
S02773,72.2,81.3,2.7,61.7,50.0,Pass
S02774,79.5,76.5,1.9,73.7,50.5,Pass
S02775,79.5,53.7,2.3,61.4,63.0,Fail
S02776,69.2,95.5,4.1,80.1,79.8,Pass
S02777,86.4,62.2,2.7,93.1,63.7,Pass
S02778,79.4,58.6,3.9,52.5,61.5,Pass
S02779,59.6,74.4,3.7,69.6,78.6,Pass
S02780,71.4,64.8,3.3,59.9,52.8,Fail
S02781,76.9,86.5,3.5,81.9,69.0,Pass
S02782,72.5,57.5,2.8,58.4,56.1,Pass
S02783,69.2,93.3,3.1,68.9,79.6,Pass
S02784,86.7,69.4,3.4,73.6,72.9,Pass
S02785,95.8,50.2,4.1,59.8,71.8,Pass
S02786,81.7,49.4,1.6,85.5,83.5,Pass
S02787,59.6,78.2,3.7,64.2,96.9,Pass
S02788,81.3,61.7,2.3,70.7,72.5,Pass
S02789,70.7,59.1,2.7,57.9,67.8,Pass
S02790,66.5,53.2,1.7,58.9,49.9,Pass
S02791,87.7,72.4,3.5,75.4,80.6,Pass
S02792,86.2,53.9,3.7,51.6,65.9,Fail
S02793,67.8,60.4,3.6,57.5,70.1,Pass
S02794,61.2,57.1,1.9,57.8,58.1,Fail
S02795,63.8,77.9,4.5,86.1,76.0,Pass
S02796,73.3,72.9,5.7,61.7,77.4,Pass
S02797,79.8,64.0,2.9,66.0,90.6,Pass
S02798,73.0,45.6,3.2,55.9,81.1,Fail
S02799,75.1,52.6,1.6,83.7,83.8,Pass
S02800,81.5,87.9,2.1,52.7,69.3,Pass
S02801,82.0,75.7,3.6,68.5,59.5,Pass
S02802,84.4,86.0,5.5,83.1,80.8,Pass
S02803,89.4,64.4,2.9,72.6,63.9,Pass
S02804,69.2,53.7,8.5,45.2,56.7,Fail
S02805,64.5,46.5,3.4,46.5,79.2,Fail
S02806,74.3,50.6,2.0,74.4,72.6,Pass
S02807,80.4,73.4,6.9,70.6,80.8,Pass
S02808,53.0,58.4,1.6,52.2,56.2,Pass
S02809,75.1,74.3,3.9,69.5,67.0,Pass
S02810,83.4,39.9,1.9,56.9,32.8,Fail
S02811,83.6,53.7,1.8,64.4,47.7,Fail
S02812,82.2,67.2,4.7,54.6,70.1,Pass
S02813,77.3,53.1,2.8,53.8,53.0,Fail
S02814,89.6,58.7,6.2,67.4,61.0,Pass
S02815,68.4,67.2,2.2,60.6,52.7,Pass
S02816,67.6,61.9,1.7,37.3,54.4,Fail
S02817,83.2,51.7,2.3,58.5,55.5,Fail
S02818,82.2,63.7,10.0,64.0,81.6,Pass
S02819,72.3,64.5,5.1,76.8,83.6,Pass
S02820,87.0,59.4,4.6,85.7,64.1,Pass
S02821,68.3,32.3,3.5,52.3,58.3,Fail
S02822,71.5,64.7,2.8,77.3,52.7,Pass
S02823,71.1,77.8,10.0,73.4,71.4,Pass
S02824,75.4,39.0,3.5,70.5,69.0,Fail
S02825,80.8,65.9,3.8,56.9,65.3,Fail
S02826,91.8,69.9,4.9,64.9,79.5,Pass
S02827,83.5,61.7,2.5,88.4,88.3,Pass
S02828,83.6,78.5,3.0,81.7,82.4,Pass
S02829,85.2,64.1,2.4,61.0,51.4,Pass
S02830,97.1,92.4,6.8,84.7,78.0,Pass
S02831,76.1,35.1,1.8,75.7,43.6,Pass
S02832,66.2,79.1,3.7,93.2,59.0,Pass
S02833,74.9,64.6,3.5,77.2,83.7,Pass
S02834,64.6,60.6,1.6,61.8,75.3,Fail
S02835,81.2,60.6,2.9,80.8,57.8,Fail
S02836,74.0,61.4,4.1,54.7,66.0,Pass
S02837,95.1,62.8,2.0,59.6,52.9,Pass
S02838,65.6,65.2,6.0,79.0,57.0,Pass
S02839,72.4,68.6,4.7,79.1,77.4,Fail
S02840,81.4,61.4,3.9,64.7,60.9,Pass
S02841,82.9,49.3,3.3,64.6,44.0,Pass
S02842,58.1,78.5,2.5,55.2,92.5,Fail
S02843,65.1,70.3,2.8,69.6,69.6,Pass
S02844,79.5,53.4,4.2,66.1,59.2,Pass
S02845,88.3,66.9,2.4,68.0,62.6,Pass
S02846,91.5,51.2,3.1,65.2,57.6,Fail
S02847,72.6,59.3,2.2,65.9,66.5,Pass
S02848,74.5,64.9,3.7,63.8,57.9,Fail
S02849,73.7,73.9,4.5,60.1,75.0,Pass
S02850,88.2,84.3,2.0,79.9,83.2,Pass
S02851,91.7,58.5,3.3,70.1,50.6,Pass
S02852,95.4,87.2,2.2,89.7,68.7,Pass
S02853,83.9,77.3,1.9,96.7,84.9,Pass
S02854,71.9,70.5,2.7,53.5,61.8,Pass
S02855,75.4,59.3,9.2,55.2,59.2,Fail
S02856,97.0,90.7,5.5,73.7,72.2,Pass
S02857,72.5,69.8,5.8,66.9,61.1,Pass
S02858,62.1,59.7,4.3,67.3,61.6,Pass
S02859,71.9,53.2,3.5,60.9,49.9,Pass
S02860,72.9,54.0,4.2,66.9,64.6,Pass
S02861,52.6,41.2,2.1,43.2,67.0,Fail
S02862,83.4,58.2,4.3,62.7,68.6,Pass
S02863,80.4,33.7,4.8,50.1,70.7,Fail
S02864,100.0,76.2,6.5,90.4,82.5,Pass
S02865,60.6,73.0,4.8,45.6,52.3,Fail
S02866,80.6,44.3,3.0,54.3,61.5,Pass
S02867,89.4,87.4,7.0,69.2,74.3,Pass
S02868,89.3,81.7,3.7,72.9,75.7,Pass
S02869,69.8,63.1,7.8,74.2,73.8,Pass
S02870,71.5,53.0,4.5,70.6,56.1,Fail
S02871,71.0,45.5,2.3,58.6,49.5,Fail
S02872,73.8,76.0,1.9,58.2,71.6,Fail
S02873,67.6,68.8,2.1,56.1,68.8,Fail
S02874,83.0,47.8,1.8,44.1,61.5,Fail
S02875,75.0,52.3,3.3,67.0,77.9,Pass
S02876,54.0,31.8,1.5,52.0,45.9,Fail
S02877,69.5,41.7,4.7,50.5,38.0,Fail
S02878,81.1,71.0,3.2,65.7,59.3,Fail
S02879,77.8,71.8,3.1,51.5,67.0,Fail
S02880,83.4,68.8,2.2,76.2,77.5,Pass
S02881,93.2,62.8,2.5,63.7,62.5,Fail
S02882,71.9,87.4,1.5,81.4,61.9,Pass
S02883,76.4,60.1,7.0,73.3,62.0,Pass
S02884,96.8,74.4,2.2,89.5,68.3,Pass
S02885,61.5,67.7,1.9,56.0,45.4,Fail
S02886,79.7,57.0,6.1,55.9,62.4,Fail
S02887,91.6,61.3,4.1,65.3,70.2,Pass
S02888,90.1,57.0,3.5,55.3,66.0,Pass
S02889,83.2,73.8,3.6,50.4,59.6,Pass
S02890,83.7,79.5,4.7,68.4,56.1,Pass
S02891,64.5,56.4,3.1,58.6,53.9,Pass
S02892,92.6,64.3,1.9,65.6,63.0,Pass
S02893,67.6,55.9,4.4,61.8,73.0,Pass
S02894,63.7,56.7,3.6,54.9,61.2,Pass
S02895,79.9,51.0,4.9,74.4,95.6,Pass
S02896,69.9,50.5,1.7,48.7,53.7,Pass
S02897,84.5,76.6,2.8,63.3,77.8,Pass
S02898,83.0,59.6,3.9,73.6,63.2,Pass
S02899,91.2,52.8,2.0,56.4,56.2,Pass
S02900,85.8,68.8,1.4,91.0,88.7,Pass
S02901,69.2,54.4,3.3,56.4,72.8,Fail
S02902,79.5,45.1,4.0,60.7,36.9,Fail
S02903,74.9,80.5,3.6,84.6,62.2,Pass
S02904,84.9,39.7,3.9,56.6,60.7,Fail
S02905,76.9,75.3,3.7,55.9,57.5,Pass
S02906,82.6,64.8,3.4,72.8,49.9,Fail
S02907,66.8,80.1,4.0,81.3,75.4,Pass
S02908,57.0,70.6,5.7,53.9,45.8,Pass
S02909,60.2,44.3,1.9,45.4,58.8,Fail
S02910,96.3,58.8,4.8,48.9,77.8,Fail
S02911,66.5,47.8,1.9,66.8,72.0,Fail
S02912,92.6,78.4,3.1,80.7,77.9,Pass
S02913,71.4,70.2,5.4,64.6,82.4,Fail
S02914,67.5,35.7,1.5,31.2,53.6,Pass
S02915,80.0,72.6,3.2,59.7,77.7,Pass
S02916,100.0,57.2,10.0,79.4,71.9,Pass
S02917,90.1,74.0,6.1,74.4,93.8,Pass
S02918,89.3,92.4,3.1,83.5,79.1,Pass
S02919,86.4,51.5,2.3,61.9,75.8,Pass
S02920,76.8,63.2,3.5,93.9,87.3,Pass
S02921,85.6,49.4,5.1,59.3,63.6,Fail
S02922,87.7,34.1,2.3,77.7,72.0,Pass
S02923,81.9,40.5,1.8,47.3,54.9,Fail
S02924,75.0,67.7,4.1,45.7,52.5,Pass
S02925,69.9,50.6,1.6,56.9,67.6,Fail
S02926,72.9,66.8,2.6,60.2,78.3,Pass
S02927,73.1,46.7,3.5,73.3,54.2,Pass
S02928,71.7,48.9,3.4,61.7,67.1,Pass
S02929,74.8,62.4,1.6,36.9,65.8,Fail
S02930,74.3,66.4,3.7,78.3,79.7,Pass
S02931,79.9,42.6,3.8,54.6,68.5,Pass
S02932,86.6,64.8,2.8,59.6,55.7,Pass
S02933,73.6,73.9,7.5,84.4,63.0,Pass
S02934,71.9,60.8,4.3,69.2,69.8,Pass
S02935,73.0,35.2,2.0,68.7,75.8,Fail
S02936,60.8,35.3,4.5,35.0,39.8,Fail
S02937,60.9,52.1,2.2,45.4,64.9,Fail
S02938,99.2,82.6,4.3,81.8,69.4,Pass
S02939,61.0,68.2,2.6,67.5,68.9,Pass
S02940,93.8,39.9,3.9,65.9,50.4,Pass
S02941,87.8,79.2,3.4,80.0,75.6,Pass
S02942,92.4,72.3,3.3,82.0,62.8,Pass
S02943,86.7,62.3,3.1,72.7,81.8,Pass
S02944,83.3,58.0,2.6,65.1,56.4,Pass
S02945,93.0,55.0,5.0,63.6,48.3,Pass
S02946,69.4,34.2,2.1,55.5,50.0,Fail
S02947,83.7,90.2,4.0,85.6,76.5,Pass
S02948,72.4,70.4,3.6,70.2,64.0,Fail
S02949,64.0,54.7,3.5,68.9,78.2,Pass
S02950,76.4,79.0,5.7,87.6,71.8,Pass
S02951,90.9,47.3,1.6,43.1,70.3,Fail
S02952,80.4,65.9,4.6,87.1,67.2,Pass
S02953,95.2,52.3,1.9,63.2,75.0,Pass
S02954,87.6,44.6,2.0,46.1,37.7,Fail
S02955,97.0,34.5,1.5,43.4,34.5,Fail
S02956,91.7,42.0,2.6,42.4,49.8,Fail
S02957,100.0,79.7,2.8,69.6,57.5,Pass
S02958,82.3,62.2,6.5,69.9,53.3,Pass
S02959,81.7,63.2,3.7,73.5,71.8,Pass
S02960,89.0,88.7,5.1,81.8,77.1,Pass
S02961,72.5,44.1,1.8,35.6,58.5,Fail
S02962,80.2,57.9,4.5,52.4,71.5,Fail
S02963,86.7,69.0,6.7,86.5,49.9,Fail
S02964,70.4,40.2,4.3,49.9,66.9,Fail
S02965,67.1,65.5,2.0,78.6,53.1,Pass
S02966,73.2,40.0,2.3,43.5,48.3,Fail
S02967,78.0,85.2,4.1,77.1,55.5,Pass
S02968,69.1,62.1,2.4,65.3,68.2,Pass
S02969,85.5,86.6,10.0,77.2,62.2,Pass
S02970,72.1,46.2,2.7,79.5,52.7,Fail
S02971,92.6,71.7,3.7,75.9,61.1,Pass
S02972,74.8,50.4,2.6,69.5,64.2,Fail
S02973,89.0,62.3,3.6,63.4,64.1,Pass
S02974,77.1,33.7,5.4,66.5,70.6,Fail
S02975,77.8,48.3,3.5,80.8,65.7,Pass
S02976,81.6,78.2,3.2,67.7,78.8,Pass
S02977,59.6,59.3,2.0,73.9,64.5,Fail
S02978,81.5,58.2,5.3,59.6,54.8,Fail
S02979,84.1,47.9,2.9,67.1,54.4,Fail
S02980,96.4,73.8,4.1,90.9,98.8,Pass
S02981,65.9,64.2,1.3,55.9,78.7,Fail
S02982,71.5,74.2,3.8,81.8,86.0,Pass
S02983,73.4,77.0,2.8,64.3,75.0,Fail
S02984,92.0,63.6,1.7,60.9,72.9,Pass
S02985,74.9,51.0,4.2,57.2,60.2,Pass
S02986,70.6,44.5,2.5,63.2,63.3,Pass
S02987,67.0,61.3,7.3,67.3,85.9,Pass
S02988,79.1,79.9,7.1,79.7,72.3,Pass
S02989,69.3,61.3,2.6,67.2,70.2,Pass
S02990,92.4,71.2,6.8,75.3,57.3,Pass
S02991,90.3,72.5,6.9,73.0,55.0,Pass
S02992,74.8,94.0,3.3,75.1,97.3,Pass
S02993,85.3,63.9,2.2,88.5,72.3,Pass
S02994,93.7,97.5,1.9,75.3,80.8,Pass
S02995,66.6,64.8,3.6,56.6,63.4,Pass
S02996,74.1,66.8,2.0,54.7,45.8,Fail
S02997,74.7,45.2,3.4,72.8,52.7,Pass
S02998,89.3,83.1,3.5,75.5,66.8,Pass
S02999,65.4,68.7,2.7,77.1,68.7,Fail
S03000,78.7,65.4,2.5,65.1,71.0,Fail
S03001,89.3,83.0,2.3,80.1,79.9,Pass
S03002,95.4,70.8,2.9,82.9,88.2,Pass
S03003,80.6,90.7,3.2,94.2,83.3,Pass
S03004,65.0,42.5,2.7,48.2,28.0,Fail
S03005,75.2,69.6,3.3,65.3,85.3,Pass
S03006,79.8,69.0,2.0,45.7,53.6,Pass
S03007,70.2,51.2,4.0,49.1,53.6,Fail
S03008,88.3,74.5,3.6,68.7,74.7,Pass
S03009,67.8,67.7,5.9,61.9,66.7,Pass
S03010,85.3,60.9,4.0,58.0,71.8,Pass
S03011,81.5,87.5,4.6,90.8,83.6,Pass
S03012,74.4,62.7,2.6,48.1,49.1,Pass
S03013,92.3,45.3,4.0,63.5,91.1,Pass
S03014,66.9,69.0,3.4,56.4,73.9,Fail
S03015,80.3,59.6,5.3,67.5,73.6,Pass
S03016,61.0,53.2,5.9,70.9,81.9,Pass
S03017,76.2,57.4,2.3,65.4,49.9,Pass
S03018,92.1,65.6,4.9,85.5,83.0,Pass
S03019,81.9,67.5,4.4,82.9,62.7,Pass
S03020,69.4,44.2,3.1,40.9,55.7,Fail
S03021,85.9,42.9,2.4,68.0,61.8,Pass
S03022,87.6,83.1,3.4,66.8,51.4,Pass
S03023,87.7,59.0,2.8,76.1,53.3,Pass
S03024,82.3,79.2,2.4,54.9,77.8,Pass
S03025,51.7,60.3,2.3,56.4,62.0,Pass
S03026,75.8,51.1,3.2,71.4,87.8,Pass
S03027,70.6,59.9,2.7,80.8,85.5,Pass
S03028,66.5,61.8,3.3,61.7,53.9,Fail
S03029,88.6,50.8,3.1,60.3,56.6,Pass
S03030,76.7,51.6,3.7,69.6,85.8,Pass
S03031,95.1,70.8,2.9,69.7,88.1,Pass
S03032,66.5,64.2,3.7,73.8,67.0,Fail
S03033,64.8,58.0,2.6,59.6,73.9,Pass
S03034,87.0,76.0,4.7,71.0,79.7,Pass
S03035,80.2,76.2,3.2,83.1,86.9,Pass
S03036,83.5,92.2,4.1,56.3,70.6,Pass
S03037,75.4,46.6,2.0,66.1,59.7,Fail
S03038,76.4,53.7,4.4,53.1,53.9,Pass
S03039,70.7,52.4,2.4,60.9,45.9,Fail
S03040,80.3,85.5,2.3,79.6,86.2,Pass
S03041,89.4,93.4,2.5,73.2,75.1,Pass
S03042,92.6,75.1,2.0,66.0,52.7,Pass
S03043,72.4,46.4,2.4,64.6,70.5,Fail
S03044,71.5,51.4,5.7,43.6,57.3,Fail
S03045,74.7,56.4,2.6,63.3,60.4,Fail
S03046,90.4,51.4,1.3,65.8,85.8,Fail
S03047,86.9,82.9,4.1,45.2,55.0,Pass
S03048,62.6,65.5,2.3,62.2,72.3,Pass
S03049,63.2,70.3,5.1,83.6,65.9,Fail
S03050,76.4,84.5,3.4,87.5,68.0,Pass
S03051,84.8,55.4,3.4,78.2,57.2,Pass
S03052,74.2,54.6,4.8,65.2,60.0,Fail
S03053,80.0,43.1,3.8,59.7,50.1,Fail
S03054,75.2,59.3,2.0,70.1,71.9,Fail
S03055,89.5,52.7,2.0,59.2,62.3,Pass
S03056,81.4,45.6,1.4,56.8,54.5,Fail
S03057,77.5,61.1,8.9,56.5,53.4,Pass
S03058,87.2,60.8,2.2,72.7,78.1,Pass
S03059,58.9,54.3,4.9,73.2,69.2,Pass
S03060,76.9,63.8,2.6,75.1,56.3,Pass
S03061,84.7,65.3,2.5,73.1,59.7,Pass
S03062,85.0,71.9,3.4,59.5,46.9,Pass
S03063,70.1,84.4,4.0,99.3,96.0,Pass
S03064,76.9,59.7,4.7,72.3,77.1,Pass
S03065,81.4,52.1,4.4,66.2,75.3,Pass
S03066,83.2,60.6,2.6,60.5,64.7,Pass
S03067,90.3,84.6,1.9,72.0,76.6,Pass
S03068,87.3,66.5,2.2,60.5,80.3,Pass
S03069,86.4,71.0,1.7,90.2,80.1,Pass
S03070,81.7,64.4,2.7,70.4,56.1,Pass
S03071,80.5,66.3,3.7,87.9,61.5,Pass
S03072,81.1,67.9,2.2,74.0,72.1,Fail
S03073,80.0,41.8,1.6,39.9,60.8,Fail
S03074,81.5,83.5,3.6,74.6,67.1,Pass
S03075,87.0,69.0,3.0,96.0,71.9,Pass
S03076,84.1,69.2,2.7,50.8,57.5,Pass
S03077,85.2,52.1,2.9,65.4,74.5,Pass
S03078,83.2,43.6,3.0,62.7,38.7,Fail
S03079,94.5,65.4,2.3,60.0,45.0,Pass
S03080,89.1,74.7,3.1,96.9,61.7,Pass
S03081,72.2,81.9,1.5,55.4,61.1,Pass
S03082,79.2,49.7,2.8,47.4,61.5,Fail
S03083,84.0,67.8,3.5,78.7,56.0,Fail
S03084,82.4,77.6,2.9,50.9,72.1,Fail
S03085,90.2,43.0,6.7,60.1,78.5,Fail
S03086,65.4,53.2,3.9,72.1,75.8,Pass
S03087,87.8,43.8,2.7,64.5,69.9,Fail
S03088,91.7,62.7,3.6,63.2,49.6,Fail
S03089,84.5,47.9,7.9,71.4,57.4,Fail
S03090,87.8,78.4,4.2,71.2,78.5,Pass
S03091,81.6,80.2,1.6,87.7,74.4,Pass
S03092,73.2,77.3,3.6,94.9,51.5,Pass
S03093,88.6,82.7,2.6,80.4,88.2,Pass
S03094,81.5,59.3,1.4,59.8,63.6,Fail
S03095,92.2,94.3,8.3,71.2,86.7,Pass
S03096,80.1,57.7,5.2,50.3,50.6,Fail
S03097,91.9,70.9,2.7,76.1,93.7,Pass
S03098,83.4,45.0,2.1,55.5,59.6,Fail
S03099,77.0,76.3,4.6,84.0,91.5,Pass
S03100,88.5,68.2,2.5,86.7,63.9,Pass
S03101,91.3,55.1,2.8,67.7,60.6,Pass
S03102,75.3,36.1,2.3,59.9,68.3,Fail
S03103,95.0,68.2,3.1,62.5,93.2,Pass
S03104,71.3,73.3,2.2,87.1,68.8,Pass
S03105,76.6,67.9,4.6,64.9,67.7,Pass
S03106,69.8,80.1,5.4,51.4,72.7,Fail
S03107,93.9,72.1,3.5,79.0,56.1,Pass
S03108,93.8,54.9,3.3,76.1,43.3,Pass
S03109,72.5,32.0,3.6,33.3,45.9,Fail
S03110,86.1,62.3,3.0,51.5,70.7,Pass
S03111,94.3,56.3,6.8,67.2,86.3,Pass
S03112,83.3,83.5,2.3,83.3,64.7,Fail
S03113,86.3,92.7,5.7,76.1,64.3,Pass
S03114,88.3,54.6,3.5,65.8,88.2,Pass
S03115,70.2,71.4,2.2,74.9,61.9,Pass
S03116,82.8,83.4,9.0,68.7,67.3,Pass
S03117,95.1,67.1,7.9,64.7,77.1,Pass
S03118,72.9,40.0,3.0,55.0,79.0,Pass
S03119,83.3,46.4,3.6,46.9,70.2,Fail
S03120,77.8,38.0,2.3,61.3,38.5,Fail
S03121,76.9,71.5,3.1,71.2,54.7,Pass
S03122,81.6,69.0,2.2,75.7,79.5,Pass
S03123,96.9,41.9,2.2,67.6,74.4,Pass
S03124,85.9,65.1,7.4,64.0,61.5,Pass
S03125,86.1,73.5,3.4,80.0,64.0,Pass
S03126,95.1,69.8,3.6,57.8,82.0,Pass
S03127,76.3,64.1,2.4,76.5,82.3,Pass
S03128,70.7,63.2,3.8,81.2,68.9,Pass
S03129,91.6,45.2,1.7,66.9,53.4,Pass
S03130,81.6,66.3,2.6,63.4,65.7,Pass
S03131,89.3,69.9,2.2,64.9,85.4,Pass
S03132,68.4,62.9,5.1,58.2,75.6,Fail
S03133,82.6,70.6,1.7,55.2,68.5,Pass
S03134,66.1,57.9,1.9,52.0,55.8,Fail
S03135,74.0,69.2,1.4,66.9,74.0,Pass
S03136,66.8,48.4,2.0,61.5,75.6,Pass
S03137,76.0,60.2,3.2,68.3,59.3,Fail
S03138,80.4,78.0,5.6,81.5,71.1,Pass
S03139,57.8,69.4,3.3,74.8,82.4,Pass
S03140,74.2,86.9,3.6,96.8,80.9,Pass
S03141,85.1,48.2,3.7,69.2,59.3,Pass
S03142,93.5,100.0,4.1,100.0,89.7,Pass
S03143,64.2,68.1,8.5,68.1,68.4,Pass
S03144,84.7,62.5,2.7,76.8,55.6,Pass
S03145,69.8,49.6,3.7,51.3,64.1,Fail
S03146,86.7,77.6,4.8,68.3,72.7,Pass
S03147,81.2,59.6,2.9,73.2,66.6,Pass
S03148,72.2,85.1,3.5,62.9,56.7,Pass
S03149,85.0,73.6,3.4,85.8,72.9,Pass
S03150,100.0,82.9,3.8,73.7,57.2,Pass
S03151,72.4,63.7,3.6,71.8,77.2,Pass
S03152,76.2,70.6,2.8,56.3,48.8,Fail
S03153,87.4,59.4,2.2,63.4,71.0,Pass
S03154,69.5,61.9,6.9,74.3,61.0,Pass
S03155,61.7,65.5,3.9,63.6,54.0,Pass
S03156,68.4,62.4,1.6,50.2,75.3,Fail
S03157,95.8,99.7,3.9,88.4,83.7,Pass
S03158,74.3,55.5,1.7,48.5,56.8,Pass
S03159,70.0,50.0,3.7,53.2,47.3,Pass
S03160,84.3,69.2,3.0,58.0,64.7,Pass
S03161,71.5,55.3,3.3,60.6,74.6,Pass
S03162,80.3,74.1,2.5,84.7,83.7,Pass
S03163,66.5,66.0,3.1,61.0,68.1,Fail
S03164,84.4,71.6,5.0,78.2,68.4,Pass
S03165,77.8,57.7,4.7,79.2,62.8,Pass
S03166,87.2,58.1,4.9,78.4,70.2,Pass
S03167,64.9,52.0,1.6,57.8,51.4,Pass
S03168,74.1,58.6,2.9,50.6,77.4,Pass
S03169,63.4,53.2,3.3,45.9,59.7,Fail
S03170,67.6,67.8,2.1,51.7,63.3,Fail
S03171,95.9,83.5,2.0,69.6,78.2,Pass
S03172,78.5,72.5,2.2,66.0,75.3,Pass
S03173,69.5,64.5,6.8,72.0,62.1,Pass
S03174,71.2,54.9,2.1,65.5,66.2,Pass
S03175,67.0,90.7,3.7,77.2,96.3,Pass
S03176,59.7,35.9,2.5,39.4,70.6,Fail
S03177,88.1,72.4,3.5,67.8,73.9,Pass
S03178,66.5,68.4,3.0,66.2,63.3,Pass
S03179,84.1,65.8,4.9,69.9,46.4,Fail
S03180,80.7,56.3,3.5,85.4,63.3,Pass
S03181,68.8,45.5,2.3,59.1,58.1,Pass
S03182,74.2,43.1,2.8,38.5,51.8,Fail
S03183,65.5,48.9,1.8,63.2,58.2,Pass
S03184,88.5,82.0,4.3,75.8,76.8,Pass
S03185,71.9,69.5,2.8,71.1,60.1,Fail
S03186,66.6,44.6,2.2,43.2,59.2,Fail
S03187,70.3,54.8,3.6,72.4,57.8,Pass
S03188,82.3,63.0,2.6,50.2,51.2,Pass
S03189,82.4,56.1,2.8,68.5,81.6,Pass
S03190,49.8,59.3,4.5,55.5,64.4,Pass
S03191,73.8,36.4,1.9,58.4,47.3,Fail
S03192,59.9,67.2,3.7,73.4,65.7,Pass
S03193,74.3,63.7,4.9,71.6,51.5,Fail
S03194,72.1,51.3,4.6,50.5,50.4,Fail
S03195,72.7,54.8,7.8,74.6,79.6,Pass
S03196,87.4,60.5,2.9,70.1,77.4,Pass
S03197,80.3,33.5,2.0,55.7,59.6,Pass
S03198,69.4,53.2,4.5,52.9,75.2,Pass
S03199,71.6,78.8,5.5,66.3,80.0,Pass
S03200,76.2,49.2,2.3,62.7,60.1,Pass
S03201,62.1,41.6,3.8,64.0,72.1,Pass
S03202,79.3,64.7,10.0,61.7,56.0,Pass
S03203,89.6,56.1,3.3,67.6,56.6,Pass
S03204,69.3,70.0,5.5,68.8,72.8,Pass
S03205,76.4,65.8,6.6,81.0,75.0,Pass
S03206,71.0,70.3,8.7,59.9,60.0,Pass
S03207,98.3,80.4,3.9,60.6,50.1,Pass
S03208,71.3,86.6,5.7,69.5,47.4,Pass
S03209,75.9,56.0,2.8,67.2,72.6,Fail
S03210,67.3,49.0,3.1,72.1,56.9,Pass
S03211,79.2,70.6,2.8,66.4,56.4,Pass
S03212,81.1,57.8,1.5,64.1,53.9,Pass
S03213,73.2,78.5,1.9,77.5,72.5,Pass
S03214,83.7,55.4,3.5,48.1,72.8,Pass
S03215,85.2,88.9,4.5,64.0,74.7,Pass
S03216,88.2,78.1,2.3,73.7,83.6,Pass
S03217,70.3,61.4,5.2,44.6,52.5,Fail
S03218,85.7,70.3,2.5,67.3,79.5,Pass
S03219,85.6,83.3,4.9,93.4,96.7,Pass
S03220,95.5,69.4,3.2,79.6,71.4,Pass
S03221,85.4,61.1,4.1,68.0,76.5,Pass
S03222,79.4,78.9,4.8,61.4,62.5,Pass
S03223,68.6,54.8,3.6,43.2,60.6,Fail
S03224,65.7,41.9,3.5,64.8,62.6,Pass
S03225,82.0,78.8,4.3,76.2,71.6,Pass
S03226,83.9,50.9,1.9,57.0,59.3,Fail
S03227,67.0,35.4,4.7,62.8,43.2,Fail
S03228,79.9,72.7,2.2,53.7,65.0,Pass
S03229,82.9,55.7,3.4,65.7,68.3,Pass
S03230,75.9,47.2,2.4,53.8,58.2,Fail
S03231,58.6,60.8,3.6,65.9,64.1,Pass
S03232,76.1,81.3,3.3,78.7,93.9,Pass
S03233,62.7,61.5,2.7,58.5,50.8,Fail
S03234,82.6,77.2,7.1,74.5,55.1,Pass
S03235,69.1,64.0,1.9,60.2,50.1,Fail
S03236,75.3,60.1,3.6,68.3,63.0,Pass
S03237,72.7,76.5,2.4,72.2,85.6,Pass
S03238,77.3,54.6,4.8,74.7,57.2,Pass
S03239,72.1,87.7,2.8,77.7,59.9,Pass
S03240,81.2,37.6,2.9,57.4,62.3,Fail
S03241,87.4,70.0,2.2,65.8,83.2,Pass
S03242,76.0,41.3,5.0,49.7,43.1,Fail
S03243,76.5,58.0,3.5,71.8,48.6,Pass
S03244,59.9,65.6,3.6,81.1,59.3,Pass
S03245,76.3,62.2,4.9,71.7,76.6,Pass
S03246,71.5,78.0,2.1,65.5,70.0,Fail
S03247,77.4,57.3,2.3,60.4,51.8,Pass
S03248,79.3,45.4,3.0,44.0,64.4,Fail
S03249,85.1,69.9,1.8,85.2,73.6,Pass
S03250,90.7,77.3,1.8,69.3,66.2,Pass
S03251,78.3,83.3,2.8,70.5,56.7,Pass
S03252,71.7,50.9,2.1,64.2,57.3,Fail
S03253,82.7,42.6,2.4,48.8,77.2,Pass
S03254,84.1,77.1,4.6,86.1,69.3,Pass
S03255,74.0,63.1,4.3,60.9,53.0,Pass
S03256,96.4,55.5,7.2,70.4,64.3,Pass
S03257,81.6,64.5,3.0,65.1,62.7,Pass
S03258,83.6,69.5,4.3,74.4,87.3,Pass
S03259,68.6,68.0,2.9,59.8,66.5,Fail
S03260,89.3,65.2,3.6,65.3,56.2,Pass
S03261,81.2,52.4,3.9,53.5,80.6,Pass
S03262,74.0,47.2,4.2,58.4,67.0,Fail
S03263,86.1,60.5,5.0,68.6,63.5,Pass
S03264,92.8,80.0,5.0,81.6,76.1,Pass
S03265,81.9,56.2,5.7,61.9,69.0,Pass
S03266,88.2,55.0,3.5,71.8,80.5,Fail
S03267,72.2,22.5,1.8,52.9,29.9,Fail
S03268,83.7,68.3,2.8,55.4,66.5,Pass
S03269,70.6,63.0,3.1,60.2,63.4,Pass
S03270,91.7,56.3,1.9,64.4,54.0,Pass
S03271,71.0,76.1,3.0,79.9,67.5,Pass
S03272,80.5,53.5,2.0,67.0,75.1,Pass
S03273,65.9,63.2,3.7,88.3,70.5,Pass
S03274,75.6,85.5,3.6,67.9,86.2,Pass
S03275,65.8,56.8,1.3,58.6,46.1,Fail
S03276,72.0,49.3,2.2,53.1,59.4,Fail
S03277,85.6,66.8,7.8,66.0,76.2,Pass
S03278,60.8,13.6,3.3,44.3,60.6,Fail
S03279,72.6,66.7,3.6,65.3,75.3,Pass
S03280,89.6,67.3,2.4,65.9,64.2,Fail
S03281,73.7,74.0,4.6,85.2,66.6,Pass
S03282,73.1,55.6,3.6,71.1,63.8,Pass
S03283,84.4,45.8,2.2,57.7,63.6,Fail
S03284,84.6,80.0,3.2,76.2,87.5,Pass
S03285,76.3,55.0,2.5,65.6,45.0,Fail
S03286,91.7,79.7,2.1,82.4,60.5,Pass
S03287,66.6,51.0,1.6,45.0,64.5,Fail
S03288,77.2,83.1,3.5,82.3,59.6,Pass
S03289,71.4,62.9,2.2,56.7,50.9,Fail
S03290,71.3,61.7,2.6,60.8,71.0,Pass
S03291,89.8,39.5,1.7,62.4,62.0,Pass
S03292,64.1,53.0,4.7,82.1,64.7,Pass
S03293,66.7,54.5,7.2,57.9,77.3,Pass
S03294,65.0,79.4,5.4,72.5,58.4,Pass
S03295,89.0,76.8,4.9,66.0,48.1,Pass
S03296,74.2,67.2,4.6,64.0,88.1,Pass
S03297,77.7,60.9,3.9,69.3,71.7,Pass
S03298,64.0,42.4,3.4,63.1,72.9,Fail
S03299,72.4,67.7,2.2,57.6,59.5,Pass
S03300,87.1,58.8,4.5,63.5,65.9,Pass
S03301,83.3,98.6,4.6,80.6,62.3,Pass
S03302,85.9,75.0,3.6,79.4,84.2,Pass
S03303,68.3,93.6,4.6,79.4,81.7,Pass
S03304,79.9,80.0,2.8,77.5,75.1,Pass
S03305,92.0,81.8,3.8,81.7,99.6,Pass
S03306,72.3,70.3,4.8,75.1,76.9,Pass
S03307,86.5,75.5,4.2,58.1,58.1,Fail
S03308,89.4,67.4,3.3,77.8,69.5,Pass
S03309,68.6,62.0,2.5,52.5,53.9,Pass
S03310,83.6,67.1,3.4,62.1,71.0,Pass
S03311,75.7,64.3,1.5,50.2,67.4,Fail
S03312,91.4,69.0,2.7,72.9,72.0,Pass
S03313,96.0,49.3,2.0,72.5,75.8,Pass
S03314,69.9,63.5,3.4,60.2,46.7,Pass
S03315,89.8,75.2,5.9,70.5,67.2,Pass
S03316,93.6,52.0,4.5,77.7,66.5,Pass
S03317,68.6,63.2,2.7,68.7,67.6,Fail
S03318,70.1,55.6,2.3,38.9,67.2,Fail
S03319,76.2,60.5,2.8,93.7,74.1,Pass
S03320,80.8,66.9,8.2,77.6,57.3,Pass
S03321,66.2,44.5,2.8,57.6,58.9,Fail
S03322,75.4,79.8,3.5,61.9,65.2,Pass
S03323,86.9,66.8,1.5,51.4,51.2,Fail
S03324,65.3,81.0,2.3,78.9,68.4,Pass
S03325,72.8,70.5,3.7,69.3,76.6,Fail
S03326,85.9,46.5,2.8,73.3,86.0,Pass
S03327,86.0,75.5,3.8,69.4,58.4,Pass
S03328,66.8,56.9,3.5,68.6,75.0,Fail
S03329,81.3,53.1,3.9,53.2,49.5,Fail
S03330,89.6,49.7,1.5,71.1,50.3,Pass
S03331,78.0,63.9,2.1,55.9,53.0,Pass
S03332,69.9,73.6,3.2,85.2,72.3,Pass
S03333,79.5,54.6,2.0,68.4,53.9,Fail
S03334,92.5,75.5,2.8,76.6,59.7,Pass
S03335,70.6,81.3,3.5,77.6,71.4,Pass
S03336,76.1,39.3,2.4,62.7,64.4,Pass
S03337,87.6,48.4,3.5,73.9,65.4,Fail
S03338,81.9,49.1,4.4,69.6,66.2,Fail
S03339,59.5,59.2,3.0,42.8,47.1,Fail
S03340,75.1,40.4,3.6,64.4,72.7,Pass
S03341,67.5,54.7,1.3,72.7,78.7,Fail
S03342,69.4,68.1,2.9,72.6,88.7,Pass
S03343,69.1,83.0,5.9,70.6,72.2,Pass
S03344,92.3,55.2,2.6,68.0,64.2,Fail
S03345,65.9,36.1,1.8,37.0,51.0,Fail
S03346,81.0,60.8,3.1,72.1,76.0,Pass
S03347,85.0,77.7,3.4,54.4,67.8,Pass
S03348,81.1,64.4,2.7,70.1,61.4,Pass
S03349,83.6,60.0,7.4,63.5,73.8,Pass
S03350,78.8,32.2,3.3,45.4,51.4,Fail
S03351,80.4,73.4,2.3,68.7,51.7,Pass
S03352,73.0,59.4,2.0,66.9,70.4,Pass
S03353,72.7,59.1,4.3,80.7,66.3,Pass
S03354,70.6,37.7,2.1,47.8,60.1,Pass
S03355,73.7,44.9,7.5,56.3,34.4,Pass
S03356,70.5,27.4,2.8,30.0,37.0,Pass
S03357,86.2,54.6,3.8,41.5,61.1,Fail
S03358,80.0,45.6,3.4,76.9,45.8,Pass
S03359,65.8,55.2,4.6,74.9,42.6,Fail
S03360,60.1,62.0,1.3,68.3,67.6,Pass
S03361,68.3,85.3,2.0,58.4,73.2,Pass
S03362,56.3,24.0,3.8,43.1,40.2,Fail
S03363,71.4,66.7,6.2,75.5,64.7,Pass
S03364,77.6,55.9,1.8,53.2,56.8,Fail
S03365,81.6,57.0,1.7,72.4,52.5,Pass
S03366,90.3,51.8,3.0,54.4,69.7,Pass
S03367,83.3,71.2,4.0,61.3,64.2,Pass
S03368,94.5,61.3,3.4,58.9,62.1,Pass
S03369,86.4,80.1,3.4,71.3,72.2,Pass
S03370,88.9,41.8,1.6,58.6,50.0,Fail
S03371,74.1,51.9,2.8,67.6,74.2,Pass
S03372,61.6,63.5,2.5,48.1,66.4,Fail
S03373,69.0,58.3,2.2,53.8,57.0,Fail
S03374,76.6,63.0,1.4,72.8,66.8,Pass
S03375,72.4,75.6,4.2,64.5,62.4,Pass
S03376,67.1,37.5,4.4,68.5,71.0,Fail
S03377,85.0,77.1,2.6,56.1,61.5,Pass
S03378,67.4,71.3,3.0,59.4,63.7,Pass
S03379,61.2,47.1,2.4,57.6,59.4,Fail
S03380,66.5,87.3,2.6,80.2,63.6,Pass
S03381,74.9,67.2,4.2,51.0,79.2,Fail
S03382,70.3,43.6,4.3,68.1,92.1,Pass
S03383,84.2,84.8,6.5,95.5,78.2,Pass
S03384,81.7,49.2,4.7,53.2,66.3,Pass
S03385,83.7,74.3,3.1,63.5,56.8,Pass
S03386,73.6,72.7,10.0,72.7,80.3,Pass
S03387,65.9,56.6,6.2,67.4,60.2,Fail
S03388,69.3,73.7,2.4,75.1,96.6,Pass
S03389,76.4,57.9,2.9,55.9,36.8,Fail
S03390,84.8,49.6,1.4,72.9,85.7,Fail
S03391,75.5,51.2,2.9,53.2,69.1,Fail
S03392,82.9,51.9,5.2,44.0,41.5,Pass
S03393,91.0,51.7,9.2,56.9,85.5,Pass
S03394,70.3,49.6,2.8,46.5,48.4,Fail
S03395,94.2,68.9,4.1,75.4,66.8,Fail
S03396,79.0,57.8,4.6,68.1,56.2,Pass
S03397,84.4,31.5,6.5,52.0,57.9,Pass
S03398,84.2,63.0,2.2,68.0,63.6,Pass
S03399,52.9,24.9,7.6,39.4,61.7,Fail
S03400,66.8,48.1,2.7,68.2,88.9,Fail
S03401,69.5,48.6,2.2,65.4,63.3,Pass
S03402,64.4,53.9,3.2,83.5,42.0,Pass
S03403,83.9,60.6,2.2,56.2,67.9,Pass
S03404,100.0,70.7,4.5,80.9,67.5,Pass
S03405,68.4,45.9,1.4,53.9,74.9,Fail
S03406,81.7,37.6,3.0,61.2,56.7,Fail
S03407,94.6,63.0,4.7,73.3,62.8,Pass
S03408,87.2,82.8,7.4,66.6,67.0,Pass
S03409,80.7,67.2,4.6,79.2,76.3,Pass
S03410,76.4,71.1,5.8,64.9,62.7,Fail
S03411,71.6,52.0,2.0,53.1,66.2,Fail
S03412,77.7,41.2,3.0,53.8,49.3,Pass
S03413,83.5,45.2,1.4,60.5,82.3,Fail
S03414,81.4,51.8,3.0,54.8,48.5,Fail
S03415,72.5,51.5,3.4,61.7,39.2,Pass
S03416,62.7,55.7,4.1,64.0,75.5,Pass
S03417,87.3,53.3,1.8,75.2,61.8,Fail
S03418,71.3,72.7,3.2,73.0,69.9,Pass
S03419,84.9,89.2,3.1,76.1,56.0,Pass
S03420,90.2,69.7,3.3,80.7,63.0,Pass
S03421,67.5,63.0,4.4,68.6,73.0,Fail
S03422,73.0,48.4,3.0,61.7,65.0,Fail
S03423,100.0,85.9,4.0,77.6,62.1,Pass
S03424,71.9,62.7,2.4,67.5,67.6,Fail
S03425,79.1,98.1,7.3,90.9,98.9,Pass
S03426,87.4,80.5,5.5,74.0,67.5,Pass
S03427,71.7,62.2,3.1,69.8,79.6,Pass
S03428,63.2,64.9,10.0,71.8,58.9,Pass
S03429,90.7,98.4,3.1,97.8,85.7,Pass
S03430,68.1,77.0,5.5,83.6,73.4,Pass
S03431,75.7,24.9,1.9,52.2,45.9,Fail
S03432,75.6,81.0,5.4,80.5,98.3,Pass
S03433,83.9,53.8,4.2,56.8,66.1,Fail
S03434,81.0,73.2,2.2,65.5,60.4,Pass
S03435,51.3,55.0,2.7,57.2,57.1,Fail
S03436,84.3,50.1,7.5,78.1,60.3,Pass
S03437,73.3,59.6,2.2,66.6,48.8,Fail
S03438,91.7,66.1,3.9,57.3,61.8,Pass
S03439,81.4,64.0,3.7,71.9,59.8,Pass
S03440,92.9,87.2,4.2,82.6,71.0,Pass
S03441,80.3,97.2,2.1,75.3,93.8,Pass
S03442,70.8,67.7,4.7,78.0,58.0,Pass
S03443,79.0,63.8,3.4,79.3,56.3,Pass
S03444,73.2,71.2,4.9,64.9,50.5,Pass
S03445,94.9,96.6,4.2,82.1,60.0,Pass
S03446,76.1,69.3,3.3,69.7,74.8,Pass
S03447,64.6,61.1,3.7,74.3,65.8,Fail
S03448,75.0,76.8,2.5,81.1,80.5,Pass
S03449,85.4,60.5,5.8,49.6,73.2,Pass
S03450,74.5,62.8,2.8,83.1,62.1,Pass
S03451,68.9,70.2,2.4,61.0,70.7,Pass
S03452,90.9,62.0,6.1,67.9,64.2,Pass
S03453,76.7,93.3,4.7,74.5,68.0,Pass
S03454,61.5,68.6,3.3,76.9,75.2,Fail
S03455,74.6,61.7,4.7,76.7,78.0,Pass
S03456,76.6,53.0,3.8,61.2,61.5,Fail
S03457,74.1,59.6,3.3,74.6,78.7,Pass
S03458,61.8,59.9,4.3,52.6,60.4,Pass
S03459,87.0,61.8,1.9,54.3,67.8,Pass
S03460,83.4,59.9,4.1,76.3,86.3,Fail
S03461,82.8,79.1,4.6,62.3,69.6,Pass
S03462,77.0,60.7,3.6,54.6,61.3,Pass
S03463,60.0,66.8,1.1,42.5,41.2,Fail
S03464,71.5,52.3,2.7,51.4,96.5,Pass
S03465,88.8,67.3,2.2,76.6,52.2,Fail
S03466,96.8,89.9,7.2,89.8,74.9,Pass
S03467,90.5,70.0,3.4,71.4,69.6,Pass
S03468,75.0,46.3,4.2,38.8,75.3,Fail
S03469,67.3,74.7,2.4,78.9,69.6,Pass
S03470,82.4,56.9,4.4,79.3,77.5,Pass
S03471,63.3,49.6,2.7,55.6,48.8,Fail
S03472,89.0,55.6,9.7,58.8,52.5,Fail
S03473,93.0,70.9,6.1,78.4,80.0,Pass
S03474,72.6,72.0,5.6,84.0,62.1,Pass
S03475,72.8,63.6,6.3,56.0,58.9,Pass
S03476,83.5,60.1,4.0,57.3,77.2,Fail
S03477,77.7,39.2,2.4,48.5,71.4,Fail
S03478,61.9,53.0,3.0,81.7,50.7,Pass
S03479,62.8,65.3,4.4,65.1,72.5,Pass
S03480,79.4,57.1,1.1,66.4,64.9,Pass
S03481,53.0,56.2,3.1,59.5,62.4,Fail
S03482,83.8,77.5,4.1,74.8,100.0,Pass
S03483,87.9,75.6,3.5,76.5,71.1,Pass
S03484,94.7,64.6,2.1,87.7,48.0,Pass
S03485,75.0,84.6,3.5,74.6,70.1,Pass
S03486,84.5,83.0,2.1,86.8,72.4,Pass
S03487,87.5,60.7,7.4,71.6,68.6,Pass
S03488,68.0,78.1,3.1,65.4,60.1,Pass
S03489,87.3,67.2,1.5,61.0,52.3,Fail
S03490,80.5,59.1,3.0,48.1,87.7,Pass
S03491,66.5,55.1,4.1,57.5,60.8,Pass
S03492,74.8,53.6,3.2,75.2,57.1,Pass
S03493,74.1,65.9,2.2,67.4,87.1,Pass
S03494,86.7,67.2,2.6,74.1,58.3,Pass
S03495,81.3,73.3,3.5,75.4,82.8,Pass
S03496,80.8,41.8,2.8,63.5,52.1,Fail
S03497,76.1,78.0,2.3,83.6,81.3,Pass
S03498,72.9,69.4,3.7,93.1,61.4,Pass
S03499,79.6,68.8,1.9,76.8,69.5,Pass
S03500,73.3,73.6,5.2,78.3,91.5,Fail
S03501,85.0,57.1,4.9,64.1,65.3,Pass
S03502,89.2,86.1,2.6,79.7,51.6,Pass
S03503,73.7,71.2,2.7,65.2,70.9,Pass
S03504,73.8,53.3,2.4,42.7,62.7,Fail
S03505,70.5,63.1,3.3,57.7,76.9,Pass
S03506,69.0,96.0,4.5,81.3,93.8,Pass
S03507,72.0,54.0,3.9,61.8,81.3,Pass
S03508,80.3,64.0,4.2,57.3,67.8,Fail
S03509,85.6,55.5,6.6,70.6,62.7,Pass
S03510,72.6,60.6,3.0,53.9,46.4,Fail
S03511,88.8,61.9,2.1,60.4,63.8,Pass
S03512,62.2,44.9,1.5,50.2,61.2,Fail
S03513,73.1,51.7,5.9,57.6,46.9,Pass
S03514,97.4,73.9,4.7,70.3,63.6,Pass
S03515,63.4,53.6,3.8,77.2,74.7,Pass
S03516,72.0,37.1,3.8,46.8,56.8,Fail
S03517,69.0,71.9,3.7,52.8,73.2,Pass
S03518,72.5,40.7,3.9,65.5,56.7,Fail
S03519,74.9,71.9,2.9,66.9,69.2,Pass
S03520,86.7,85.3,5.5,75.4,62.3,Pass
S03521,77.8,54.4,2.5,54.8,40.1,Fail
S03522,66.4,76.7,2.3,58.4,76.7,Pass
S03523,71.2,59.8,1.6,63.1,56.2,Fail
S03524,70.8,64.3,2.5,47.9,52.0,Fail
S03525,81.9,49.6,4.9,71.2,51.9,Pass
S03526,100.0,53.7,3.4,77.3,83.1,Pass
S03527,86.6,65.8,2.0,69.0,72.4,Pass
S03528,63.1,67.9,3.1,75.6,62.4,Fail
S03529,72.1,53.8,2.1,50.4,49.0,Fail
S03530,80.1,56.6,6.1,69.8,64.7,Pass
S03531,80.4,81.2,6.2,85.7,81.7,Pass
S03532,82.4,71.2,1.9,70.7,81.4,Pass
S03533,63.8,74.6,3.7,80.3,78.7,Pass
S03534,85.2,93.3,2.6,70.8,57.6,Pass
S03535,75.4,62.2,2.2,71.1,72.3,Pass
S03536,72.5,60.6,2.7,49.0,54.7,Pass
S03537,95.3,79.7,5.2,77.3,51.0,Pass
S03538,66.7,52.6,3.1,80.6,43.6,Pass
S03539,84.7,66.9,3.0,84.3,71.4,Fail
S03540,82.8,65.7,1.2,61.3,60.4,Pass
S03541,81.2,66.2,2.6,75.0,64.1,Pass
S03542,65.3,69.8,4.3,61.6,78.1,Pass
S03543,90.2,44.7,1.9,62.4,54.7,Fail
S03544,78.4,73.6,5.8,77.9,53.8,Pass
S03545,72.7,63.4,2.5,76.5,55.1,Pass
S03546,70.8,56.2,3.3,53.5,54.7,Fail
S03547,81.8,82.0,3.5,76.3,76.8,Pass
S03548,71.5,68.8,2.4,94.4,64.8,Pass
S03549,77.0,49.7,3.6,60.0,37.3,Fail
S03550,73.9,65.9,2.8,86.9,42.2,Pass
S03551,82.0,51.2,2.2,61.1,62.0,Fail
S03552,79.0,74.1,1.1,57.5,45.3,Pass
S03553,97.1,82.2,6.4,72.7,51.6,Pass
S03554,69.3,36.8,2.7,58.8,60.6,Fail
S03555,74.9,92.7,5.8,86.1,89.4,Pass
S03556,62.3,56.2,4.1,54.7,63.2,Fail
S03557,97.3,61.3,5.0,61.0,67.4,Pass
S03558,86.3,76.1,2.8,77.6,71.9,Pass
S03559,73.2,48.3,2.1,70.1,45.0,Pass
S03560,90.6,52.7,4.1,54.3,69.7,Pass
S03561,93.5,63.9,3.8,81.2,84.6,Pass
S03562,66.3,66.2,2.8,76.6,86.8,Pass
S03563,67.3,54.8,3.8,50.8,52.3,Pass
S03564,73.7,60.6,3.7,66.3,52.5,Pass
S03565,74.6,74.9,5.1,67.9,90.6,Pass
S03566,84.5,89.9,2.7,73.3,83.4,Pass
S03567,87.9,72.9,5.4,73.5,80.6,Pass
S03568,58.7,52.1,2.9,55.6,50.5,Fail
S03569,83.4,69.2,5.5,62.0,72.5,Pass
S03570,92.4,89.9,5.4,67.4,60.6,Pass
S03571,85.2,71.7,4.8,63.3,71.1,Pass
S03572,81.3,65.2,3.5,77.0,67.8,Pass
S03573,73.1,46.9,4.6,52.2,94.0,Pass
S03574,86.0,47.6,5.1,56.6,71.4,Pass
S03575,65.8,52.4,3.9,44.4,38.3,Fail
S03576,72.8,43.8,2.8,52.6,52.4,Fail
S03577,80.5,60.5,4.6,53.4,72.4,Pass
S03578,89.5,68.4,2.8,67.9,62.2,Pass
S03579,75.9,62.5,6.5,85.2,58.0,Pass
S03580,69.6,40.9,1.4,68.5,63.6,Fail
S03581,67.2,75.4,3.7,56.1,60.2,Pass
S03582,90.6,96.6,3.7,87.1,86.9,Pass
S03583,71.4,52.4,2.6,58.1,55.2,Fail
S03584,70.4,64.9,3.7,55.1,59.8,Pass
S03585,71.9,46.4,2.2,67.8,78.6,Pass
S03586,91.4,67.2,10.0,94.9,85.8,Pass
S03587,64.4,47.2,1.7,62.0,59.0,Fail
S03588,66.7,76.6,2.3,61.6,67.1,Pass
S03589,83.8,47.4,2.0,64.9,61.3,Pass
S03590,71.0,49.4,3.4,41.6,53.5,Pass
S03591,87.1,62.9,5.0,59.0,49.2,Pass
S03592,81.0,76.2,4.9,71.0,81.8,Pass
S03593,85.8,72.1,7.5,82.9,95.5,Pass
S03594,82.1,87.7,2.5,68.3,75.8,Pass
S03595,89.6,56.7,4.1,61.4,66.1,Pass
S03596,99.8,87.9,4.0,86.9,70.7,Pass
S03597,87.4,54.8,3.4,62.3,72.5,Pass
S03598,67.6,62.1,4.8,65.5,67.1,Pass
S03599,63.4,58.8,1.3,51.3,61.6,Fail
S03600,90.9,93.4,8.8,76.1,87.2,Pass
S03601,94.7,64.4,3.5,78.2,90.1,Pass
S03602,98.3,97.3,2.4,94.9,71.2,Pass
S03603,71.5,55.4,2.1,48.7,42.1,Fail
S03604,90.9,86.9,4.2,78.6,78.0,Pass
S03605,85.8,62.7,2.5,76.7,56.5,Fail
S03606,83.4,68.8,1.6,63.7,59.9,Pass
S03607,72.4,56.9,2.8,66.8,67.5,Pass
S03608,85.4,86.8,3.0,67.6,65.5,Pass
S03609,74.5,86.6,4.8,70.1,71.5,Pass
S03610,72.4,64.7,2.2,57.4,48.0,Fail
S03611,75.3,68.0,8.9,90.8,71.3,Pass
S03612,61.3,30.5,3.7,54.7,73.4,Fail
S03613,74.0,40.9,3.3,56.4,75.0,Pass
S03614,76.4,54.5,4.0,58.6,74.0,Pass
S03615,77.9,34.1,1.3,50.2,51.9,Fail
S03616,93.3,79.6,3.0,70.9,84.2,Pass
S03617,95.1,60.9,7.9,75.6,79.2,Pass
S03618,88.7,51.2,2.7,30.0,56.2,Fail
S03619,73.5,61.6,3.4,69.6,72.6,Pass
S03620,63.8,72.8,2.7,63.8,73.7,Pass
S03621,88.4,59.9,6.2,78.0,53.9,Pass
S03622,88.6,61.7,2.8,71.7,50.0,Fail
S03623,89.2,56.6,1.8,56.4,58.1,Pass
S03624,87.2,82.3,10.0,82.5,60.3,Pass
S03625,56.9,71.1,1.9,55.9,52.1,Fail
S03626,89.9,81.9,4.1,90.9,75.9,Pass
S03627,84.0,46.0,2.4,61.5,77.1,Pass
S03628,86.4,51.8,2.2,47.4,69.9,Fail
S03629,96.1,74.5,2.5,75.4,78.3,Pass
S03630,89.3,71.9,2.9,83.8,72.5,Pass
S03631,74.3,62.3,5.4,74.1,93.9,Pass
S03632,72.4,86.0,1.8,89.7,68.7,Pass
S03633,81.2,56.9,5.1,53.6,63.9,Pass
S03634,71.2,52.3,5.1,73.9,58.7,Pass
S03635,91.2,56.7,4.0,58.8,50.8,Fail
S03636,59.0,70.5,3.0,56.3,69.6,Fail
S03637,82.9,67.3,3.6,65.5,60.8,Pass
S03638,86.9,86.5,6.9,83.8,83.1,Pass
S03639,77.8,54.6,1.7,70.3,65.0,Pass
S03640,64.1,43.1,3.8,47.5,69.9,Fail
S03641,53.7,41.2,2.0,59.6,44.0,Fail
S03642,80.7,80.7,5.7,96.0,90.5,Pass
S03643,73.6,60.4,2.6,60.1,75.1,Pass
S03644,86.2,51.8,4.1,44.3,41.9,Fail
S03645,68.8,56.7,1.7,67.9,58.4,Fail
S03646,76.8,40.8,1.4,49.8,66.5,Fail
S03647,68.9,74.7,3.8,77.7,94.0,Pass
S03648,81.7,70.7,5.6,67.3,71.0,Pass
S03649,62.3,60.5,4.9,74.3,71.5,Fail
S03650,97.4,67.0,4.1,64.1,55.9,Pass
S03651,83.2,90.8,5.6,78.0,82.4,Pass
S03652,50.7,63.6,2.9,81.1,63.2,Pass
S03653,74.7,65.7,4.7,73.9,67.9,Pass
S03654,73.4,79.3,2.9,61.8,68.7,Pass
S03655,75.5,58.8,3.2,61.2,80.0,Pass
S03656,75.6,66.1,3.2,70.3,88.1,Pass
S03657,72.3,50.1,2.6,54.1,75.5,Fail
S03658,79.2,62.0,4.1,69.7,79.8,Pass
S03659,64.0,52.8,2.7,63.4,49.8,Fail
S03660,86.2,50.1,2.5,72.0,73.3,Pass
S03661,89.5,63.0,3.1,62.9,84.2,Pass
S03662,76.1,78.3,3.7,72.2,79.8,Pass
S03663,76.2,77.9,2.0,63.8,65.2,Pass
S03664,67.0,67.0,4.1,74.1,62.9,Pass
S03665,76.9,71.9,2.7,69.7,68.5,Pass
S03666,73.7,52.0,2.9,30.0,67.2,Fail
S03667,74.6,59.2,2.5,64.0,68.6,Pass
S03668,76.6,32.8,4.4,60.6,57.0,Fail
S03669,74.8,63.2,3.9,46.8,46.1,Pass
S03670,68.9,53.5,2.2,67.5,95.1,Pass
S03671,91.2,81.8,4.4,76.9,59.8,Pass
S03672,79.2,73.5,6.3,71.4,59.1,Pass
S03673,95.7,58.4,2.4,84.2,71.8,Fail
S03674,73.9,47.8,1.8,58.4,50.0,Fail
S03675,91.0,71.9,3.8,52.7,67.4,Pass
S03676,96.7,97.6,2.5,82.0,91.6,Pass
S03677,75.4,47.8,2.1,31.8,45.3,Fail
S03678,74.9,61.5,2.4,68.7,62.2,Pass
S03679,69.4,57.5,4.1,48.1,51.6,Fail
S03680,83.9,62.1,2.5,68.6,75.1,Fail
S03681,77.6,69.3,2.7,61.6,66.1,Pass
S03682,73.2,75.9,2.6,77.1,66.0,Fail
S03683,86.8,46.9,5.4,79.3,69.3,Pass
S03684,76.9,63.4,2.2,61.7,50.6,Pass
S03685,82.3,51.2,1.7,76.3,50.4,Fail
S03686,70.2,65.9,1.9,70.4,53.8,Pass
S03687,83.1,54.0,3.8,43.7,58.9,Fail
S03688,85.0,79.4,4.8,65.0,70.6,Pass
S03689,99.4,98.0,7.6,86.4,74.1,Pass
S03690,92.6,68.2,2.4,83.3,80.2,Pass
S03691,81.0,69.2,3.3,64.2,82.6,Pass
S03692,76.1,57.6,8.7,62.6,54.2,Pass
S03693,87.2,27.3,2.3,47.2,48.6,Fail
S03694,69.4,49.3,2.2,50.2,62.1,Fail
S03695,90.4,94.1,3.9,84.6,75.1,Pass
S03696,68.7,37.9,3.7,64.5,45.5,Fail
S03697,56.5,56.1,3.7,69.8,56.2,Fail
S03698,67.2,60.8,2.5,61.6,59.7,Fail
S03699,75.4,55.8,2.3,66.9,56.6,Fail
S03700,80.4,41.4,2.5,43.1,55.8,Fail
S03701,82.4,47.9,2.5,53.5,82.6,Pass
S03702,85.6,40.4,1.8,47.4,57.4,Pass
S03703,79.6,69.6,6.2,59.4,42.0,Pass
S03704,64.8,45.5,2.6,69.4,61.4,Fail
S03705,86.2,62.8,3.1,65.5,88.7,Pass
S03706,79.6,82.4,2.8,59.8,62.5,Pass
S03707,71.6,53.8,3.1,62.5,60.0,Pass
S03708,85.4,72.2,4.3,76.3,67.0,Pass
S03709,79.2,72.6,2.7,60.6,71.3,Fail
S03710,70.6,70.8,5.1,58.9,60.7,Pass
S03711,79.2,53.8,4.5,58.6,52.9,Fail
S03712,93.8,62.0,3.3,67.1,63.5,Pass
S03713,90.5,64.7,2.5,74.9,64.2,Pass
S03714,80.9,83.6,5.2,67.5,72.4,Pass
S03715,73.9,47.7,2.8,52.5,54.1,Fail
S03716,59.7,49.7,1.8,69.0,56.6,Pass
S03717,96.9,74.6,5.5,67.8,72.0,Pass
S03718,89.7,73.6,2.6,82.3,60.7,Pass
S03719,87.3,74.3,5.0,82.3,68.3,Pass
S03720,59.7,57.0,1.3,69.0,73.1,Fail
S03721,79.5,58.0,2.9,53.4,53.4,Pass
S03722,80.5,71.8,5.8,92.1,74.3,Pass
S03723,88.5,84.9,3.7,77.8,60.8,Pass
S03724,77.9,69.2,4.7,71.4,60.9,Pass
S03725,74.7,61.8,2.3,73.4,58.1,Pass
S03726,89.7,65.7,4.5,84.6,90.7,Pass
S03727,72.6,84.3,3.4,79.4,49.0,Pass
S03728,76.0,70.6,4.0,65.9,65.5,Pass
S03729,81.8,76.7,7.8,71.3,67.7,Pass
S03730,91.6,65.7,5.8,57.9,80.4,Pass
S03731,83.2,56.9,4.2,65.2,81.9,Pass
S03732,91.0,54.3,5.0,72.1,66.4,Pass
S03733,90.4,68.0,3.3,94.0,92.2,Pass
S03734,90.6,72.3,2.6,61.4,62.3,Pass
S03735,64.0,64.5,1.8,64.5,65.4,Fail
S03736,94.9,60.9,1.9,54.5,65.8,Pass
S03737,95.9,45.5,2.2,68.5,45.3,Pass
S03738,88.8,68.4,4.0,92.8,76.5,Pass
S03739,83.7,67.5,1.9,55.1,66.1,Fail
S03740,75.8,76.3,3.1,66.5,53.3,Pass
S03741,67.7,41.5,2.6,55.5,59.6,Fail
S03742,69.9,62.7,1.9,59.3,41.8,Pass
S03743,70.7,48.7,4.9,37.4,54.8,Fail
S03744,86.2,67.8,2.1,60.4,85.1,Pass
S03745,93.3,100.0,7.4,84.4,83.6,Pass
S03746,94.9,54.9,1.3,44.1,52.8,Fail
S03747,73.1,59.9,2.5,63.2,38.6,Fail
S03748,67.8,75.5,2.3,77.3,76.7,Pass
S03749,90.6,55.9,2.3,59.2,70.9,Pass
S03750,68.4,89.5,8.1,58.7,74.7,Pass
S03751,72.9,63.3,2.8,47.6,58.9,Fail
S03752,78.1,56.0,2.0,60.3,40.5,Fail
S03753,82.0,75.5,3.9,81.5,66.1,Pass
S03754,68.4,83.0,3.2,66.8,63.9,Pass
S03755,70.4,73.2,3.4,71.4,57.5,Pass
S03756,62.0,18.4,2.2,57.4,80.0,Fail
S03757,83.7,65.6,2.3,64.7,45.0,Pass
S03758,84.5,53.1,2.1,65.1,38.8,Fail
S03759,69.0,66.4,4.8,66.6,71.4,Pass
S03760,80.9,52.2,2.4,43.9,49.0,Fail
S03761,85.4,61.4,2.1,74.3,57.2,Pass
S03762,75.2,77.2,3.9,73.2,74.4,Pass
S03763,61.7,63.1,3.6,78.2,70.9,Pass
S03764,71.4,84.0,4.5,65.4,59.6,Pass
S03765,69.1,70.4,2.7,77.6,59.1,Fail
S03766,96.9,79.7,3.7,78.9,74.9,Pass
S03767,81.5,76.9,4.4,78.1,74.4,Pass
S03768,70.8,79.1,2.3,71.2,74.4,Pass
S03769,83.8,82.3,5.3,70.0,66.3,Pass
S03770,70.1,69.0,3.7,72.7,75.1,Pass
S03771,81.8,69.0,2.0,58.2,73.2,Pass
S03772,64.5,52.0,1.8,62.2,56.9,Pass
S03773,72.7,86.7,3.4,68.0,67.9,Pass
S03774,84.3,79.5,2.9,57.9,67.3,Pass
S03775,98.4,67.0,5.2,61.2,67.1,Pass
S03776,94.6,78.0,2.6,42.6,49.1,Fail
S03777,66.3,32.8,3.3,63.2,56.3,Pass
S03778,73.8,73.9,2.5,60.2,74.2,Pass
S03779,83.2,55.2,3.3,68.0,55.8,Pass
S03780,82.0,64.4,4.4,50.2,51.7,Fail
S03781,60.1,69.2,3.3,68.8,66.6,Pass
S03782,72.2,37.2,2.1,53.1,72.1,Fail
S03783,71.0,51.3,2.1,58.9,67.1,Fail
S03784,67.0,68.5,3.9,54.7,83.3,Pass
S03785,72.9,77.2,7.3,79.6,89.0,Pass
S03786,67.6,48.1,1.6,58.7,51.4,Fail
S03787,77.6,52.2,3.1,77.3,78.6,Pass
S03788,87.9,66.2,1.7,81.0,68.0,Pass
S03789,88.9,84.0,3.5,70.2,78.3,Pass
S03790,85.4,48.1,3.5,58.5,49.3,Pass
S03791,75.0,41.4,1.7,48.1,58.2,Pass
S03792,78.2,80.9,3.4,93.1,57.9,Pass
S03793,75.3,64.9,3.6,71.4,60.6,Pass
S03794,87.8,77.4,3.8,75.5,64.9,Pass
S03795,82.4,54.6,3.2,54.1,51.1,Pass
S03796,71.7,77.5,2.2,76.4,49.7,Pass
S03797,64.1,57.4,3.0,61.6,61.8,Fail
S03798,77.3,80.5,2.3,66.5,64.9,Pass
S03799,86.4,100.0,4.9,77.5,90.3,Pass
S03800,89.5,44.5,1.3,62.5,83.7,Pass
S03801,69.4,37.4,2.8,69.8,65.4,Fail
S03802,67.6,55.8,3.1,66.3,71.8,Fail
S03803,84.7,66.1,5.5,62.4,67.3,Pass
S03804,74.7,65.1,3.6,65.7,63.5,Fail
S03805,77.7,79.6,4.1,84.7,70.0,Pass
S03806,79.9,35.2,2.8,56.8,54.2,Pass
S03807,63.2,48.0,4.9,52.0,100.0,Pass
S03808,97.5,58.9,2.9,65.1,79.8,Pass
S03809,73.3,60.0,1.9,68.2,68.0,Pass
S03810,88.1,75.5,1.8,73.9,74.1,Pass
S03811,79.1,60.6,4.5,63.9,73.1,Fail
S03812,80.2,57.1,3.5,79.6,62.8,Pass
S03813,73.0,63.8,2.8,64.9,70.4,Fail
S03814,85.5,58.6,2.5,68.4,62.6,Pass
S03815,80.3,85.4,4.1,91.6,63.2,Fail
S03816,70.9,46.6,3.3,55.5,66.0,Fail
S03817,94.5,50.7,4.0,64.7,72.2,Pass
S03818,80.0,67.9,2.2,56.8,65.7,Fail
S03819,79.0,82.0,2.0,78.5,80.5,Fail
S03820,63.1,51.3,2.2,50.4,74.3,Fail
S03821,98.9,85.9,2.2,81.1,72.3,Pass
S03822,76.7,94.5,2.2,80.7,70.0,Pass
S03823,96.7,55.9,6.2,63.0,57.8,Pass
S03824,81.7,76.3,1.3,63.2,61.7,Pass
S03825,77.2,35.4,3.8,69.6,80.3,Pass
S03826,79.5,71.6,4.6,53.8,62.0,Fail
S03827,100.0,62.3,5.5,75.5,76.0,Pass
S03828,60.2,75.2,3.8,74.1,64.1,Pass
S03829,81.8,55.4,5.8,52.7,63.2,Pass
S03830,69.1,51.6,5.9,61.8,48.4,Pass
S03831,72.4,45.5,2.6,42.8,60.2,Fail
S03832,88.4,81.2,5.2,84.3,75.7,Pass
S03833,75.8,80.1,5.4,54.3,78.6,Fail
S03834,77.7,54.5,2.1,71.4,59.3,Pass
S03835,84.2,98.3,3.6,68.8,75.7,Pass
S03836,66.9,61.7,2.7,54.2,66.1,Fail
S03837,84.5,83.8,4.3,72.4,74.2,Pass
S03838,84.7,45.0,1.5,61.2,81.2,Pass
S03839,69.6,57.0,5.7,50.1,52.4,Pass
S03840,94.6,55.9,4.0,69.0,67.8,Fail
S03841,85.4,65.6,3.5,36.3,39.1,Fail
S03842,86.0,64.1,1.3,56.2,78.7,Pass
S03843,87.4,44.4,2.3,63.7,66.9,Fail
S03844,86.3,67.2,7.6,89.6,63.0,Pass
S03845,89.3,53.4,3.1,78.0,52.8,Pass
S03846,83.8,50.4,1.2,54.6,58.1,Fail
S03847,85.7,70.4,3.6,63.8,47.3,Pass
S03848,84.4,86.0,6.2,69.6,88.6,Pass
S03849,81.9,65.6,4.6,77.2,67.5,Pass
S03850,80.9,62.6,2.8,71.5,58.1,Pass
S03851,88.5,57.0,5.6,82.0,62.9,Pass
S03852,72.8,60.6,2.3,63.3,50.3,Fail
S03853,67.8,53.9,3.5,43.5,51.0,Fail
S03854,91.5,56.9,3.4,58.3,69.7,Pass
S03855,68.7,68.0,3.2,83.6,63.5,Pass
S03856,63.2,46.2,2.3,36.9,57.2,Fail
S03857,61.9,57.2,2.5,45.7,55.2,Fail
S03858,70.2,49.4,3.4,74.3,72.7,Fail
S03859,88.3,65.4,2.8,58.6,67.6,Pass
S03860,91.7,77.3,4.7,59.3,63.0,Pass
S03861,73.3,54.7,2.3,68.3,47.0,Pass
S03862,86.0,76.0,6.8,76.4,81.5,Pass
S03863,72.4,50.6,2.3,52.0,48.7,Fail
S03864,73.7,87.8,5.9,70.8,83.2,Pass
S03865,91.8,47.3,3.9,68.3,54.1,Pass
S03866,86.8,40.8,3.1,56.0,53.2,Pass
S03867,83.7,75.4,3.6,81.9,73.6,Pass
S03868,77.6,62.1,3.1,88.7,92.8,Pass
S03869,77.7,68.9,2.8,64.3,75.0,Pass
S03870,72.8,64.4,3.9,66.6,71.4,Fail
S03871,79.9,58.6,3.3,78.7,83.7,Pass
S03872,76.1,55.0,4.7,69.4,40.5,Pass
S03873,72.3,51.1,2.6,45.3,50.4,Fail
S03874,58.7,56.7,2.4,59.9,52.3,Fail
S03875,92.7,51.4,1.5,53.4,72.3,Pass
S03876,82.6,60.5,4.5,60.7,79.1,Pass
S03877,76.0,66.0,3.6,58.2,39.3,Fail
S03878,75.5,68.1,5.1,57.2,63.5,Pass
S03879,58.9,57.1,4.3,50.2,42.3,Fail
S03880,79.4,80.4,4.7,61.7,67.7,Pass
S03881,70.6,72.7,4.4,57.3,72.3,Pass
S03882,90.5,82.3,5.1,78.0,86.7,Pass
S03883,88.1,63.0,4.7,60.1,71.2,Pass
S03884,90.4,60.1,1.9,90.8,70.2,Pass
S03885,84.7,57.9,1.9,63.5,59.6,Pass
S03886,94.9,74.8,2.0,82.1,73.8,Pass
S03887,75.7,57.3,4.9,55.8,84.5,Pass
S03888,87.0,23.7,2.3,57.5,50.2,Fail
S03889,82.3,69.4,2.5,78.9,81.4,Pass
S03890,58.3,65.7,3.0,54.5,63.5,Pass
S03891,71.9,48.3,1.7,53.5,66.2,Fail
S03892,64.0,59.7,3.2,59.5,57.9,Fail
S03893,71.7,47.2,1.1,34.2,64.5,Fail
S03894,65.5,45.9,1.8,62.7,62.0,Fail
S03895,86.7,82.0,3.9,76.7,63.4,Pass
S03896,81.5,34.8,1.7,62.6,59.5,Fail
S03897,84.3,49.4,4.7,61.4,68.5,Pass
S03898,99.9,78.4,4.2,93.4,78.8,Pass
S03899,60.7,48.5,4.8,59.3,38.9,Pass
S03900,66.7,69.2,4.0,61.4,67.0,Fail
S03901,100.0,82.6,3.6,90.1,71.7,Pass
S03902,90.3,82.1,2.4,58.7,70.2,Pass
S03903,74.4,55.9,4.0,39.9,49.7,Fail
S03904,77.3,43.4,3.8,68.8,78.7,Pass
S03905,70.4,33.9,6.2,65.5,28.7,Fail
S03906,71.0,88.0,6.3,89.7,84.5,Pass
S03907,64.0,47.5,2.3,60.3,55.8,Fail
S03908,71.3,47.9,3.3,39.3,81.3,Pass
S03909,68.3,72.7,3.4,52.3,58.4,Pass
S03910,67.6,49.8,4.4,36.3,60.1,Fail
S03911,100.0,81.4,6.7,84.9,77.0,Pass
S03912,86.0,96.2,4.2,74.4,84.3,Pass
S03913,79.6,59.0,1.9,50.6,81.7,Pass
S03914,74.9,77.0,1.3,58.6,44.5,Pass
S03915,74.3,32.1,1.6,55.1,42.8,Fail
S03916,72.7,54.5,2.5,62.4,72.4,Pass
S03917,88.7,50.3,5.8,68.1,66.5,Pass
S03918,80.4,72.8,5.6,64.8,58.3,Fail
S03919,67.0,73.3,5.0,66.1,66.8,Pass
S03920,79.6,61.2,5.7,60.1,78.7,Pass
S03921,75.6,57.2,2.6,73.8,73.6,Pass
S03922,73.7,74.2,1.7,68.5,56.0,Pass
S03923,79.2,56.2,1.9,63.8,60.7,Fail
S03924,87.1,83.8,1.6,74.7,70.2,Pass
S03925,83.5,62.5,2.1,56.0,71.2,Pass
S03926,85.3,76.7,3.0,80.0,68.9,Pass
S03927,82.7,73.6,3.9,73.1,58.5,Pass
S03928,51.5,43.1,2.9,49.0,63.1,Fail
S03929,80.3,47.9,2.1,50.5,61.7,Fail
S03930,80.4,43.7,3.8,53.2,76.0,Fail
S03931,63.4,58.0,2.2,64.2,44.2,Pass
S03932,84.3,78.0,3.7,60.5,70.6,Pass
S03933,86.0,76.5,2.2,60.5,66.0,Pass
S03934,93.4,80.3,5.9,73.0,69.6,Pass
S03935,84.9,65.5,3.5,83.6,52.1,Pass
S03936,82.6,80.9,4.5,77.0,55.9,Pass
S03937,91.8,83.6,2.4,62.6,77.5,Pass
S03938,75.7,81.7,3.8,82.0,63.9,Pass
S03939,82.8,78.5,4.2,78.3,57.5,Pass
S03940,79.2,75.8,1.8,69.1,92.1,Pass
S03941,89.1,68.1,5.4,45.2,92.6,Pass
S03942,63.3,68.1,1.9,62.6,63.2,Pass
S03943,82.9,43.2,3.3,68.2,43.7,Fail
S03944,81.8,58.1,7.4,86.1,75.3,Pass
S03945,92.1,61.4,5.7,69.6,52.2,Pass
S03946,69.2,61.4,1.8,80.7,51.0,Fail
S03947,84.8,72.0,3.6,58.4,79.8,Pass
S03948,71.5,29.5,4.2,45.1,36.9,Fail
S03949,82.6,64.0,2.4,61.9,62.4,Fail
S03950,68.3,61.6,2.9,75.6,49.6,Fail
S03951,81.8,68.2,2.6,70.7,61.4,Pass
S03952,70.0,100.0,5.6,95.7,95.2,Pass
S03953,71.8,67.1,1.8,53.7,58.9,Fail
S03954,63.5,52.0,4.1,69.8,62.9,Pass
S03955,86.3,69.9,2.6,70.6,57.3,Pass
S03956,72.9,44.0,2.6,33.5,43.6,Fail
S03957,80.1,53.3,2.8,41.2,51.5,Pass
S03958,95.6,63.5,4.8,83.9,81.6,Pass
S03959,73.2,52.2,3.0,58.8,46.2,Fail
S03960,81.2,53.3,5.3,47.4,56.5,Fail
S03961,84.6,83.7,5.8,76.0,79.8,Pass
S03962,83.3,81.0,2.9,81.2,85.5,Pass
S03963,92.3,86.7,6.1,69.9,74.5,Pass
S03964,95.4,65.6,3.6,48.4,62.0,Pass
S03965,74.0,65.1,3.4,80.2,58.1,Pass
S03966,83.2,52.2,4.2,67.5,70.3,Pass
S03967,77.4,42.9,1.9,54.1,49.5,Fail
S03968,73.7,47.2,1.7,54.0,49.3,Fail
S03969,77.8,49.9,3.1,63.6,76.3,Fail
S03970,70.0,26.9,2.3,46.9,62.5,Fail
S03971,40.4,37.8,6.3,54.7,59.1,Fail
S03972,93.2,81.5,2.5,56.4,74.1,Pass
S03973,72.0,69.0,3.5,67.5,66.6,Pass
S03974,83.4,75.3,4.4,71.2,62.6,Pass
S03975,73.5,60.7,5.0,50.3,63.9,Fail
S03976,72.6,45.8,2.3,82.9,67.9,Pass
S03977,82.3,68.9,1.8,69.3,58.9,Pass
S03978,75.4,73.7,5.6,65.5,52.4,Fail
S03979,72.3,68.8,3.8,55.3,70.8,Fail
S03980,83.2,52.2,5.1,67.8,56.8,Pass
S03981,80.0,61.9,4.9,72.9,66.8,Pass
S03982,86.1,73.7,4.9,65.4,61.3,Pass
S03983,65.3,62.3,2.7,44.1,62.2,Pass
S03984,66.2,35.4,2.2,55.5,60.6,Fail
S03985,82.3,79.6,1.3,61.9,67.0,Pass
S03986,70.5,44.2,2.1,71.5,53.8,Pass
S03987,65.4,49.8,3.0,50.2,67.4,Fail
S03988,73.6,56.5,2.6,50.5,66.8,Fail
S03989,82.7,63.8,2.4,68.1,93.6,Pass
S03990,69.5,49.7,3.0,48.3,53.2,Fail
S03991,74.4,72.2,5.9,74.9,50.5,Pass
S03992,65.0,66.4,2.8,33.1,67.7,Fail
S03993,84.6,56.1,2.0,59.4,68.4,Pass
S03994,87.9,46.1,5.1,72.2,74.1,Pass
S03995,64.5,73.6,2.6,71.5,73.7,Pass
S03996,62.1,61.8,5.5,67.7,86.6,Pass
S03997,91.6,75.1,3.4,60.9,71.2,Pass
S03998,91.7,63.5,3.4,49.9,75.6,Pass
S03999,54.1,55.7,5.7,72.6,55.7,Pass
S04000,81.3,52.1,1.6,55.6,62.4,Fail
S04001,94.2,63.5,2.3,69.2,75.2,Pass
S04002,73.0,82.5,3.3,64.4,81.4,Pass
S04003,93.8,88.5,3.2,69.3,76.4,Pass
S04004,86.0,86.2,10.0,76.2,46.9,Pass
S04005,87.2,76.5,2.8,89.2,75.5,Pass
S04006,71.5,62.7,1.9,86.9,57.6,Fail
S04007,86.5,53.2,2.2,67.3,59.6,Fail
S04008,88.1,75.3,3.9,64.7,66.3,Pass
S04009,90.8,59.6,3.6,36.5,70.6,Pass
S04010,96.0,69.8,2.9,61.9,76.5,Fail
S04011,80.3,75.7,3.5,82.7,63.1,Pass
S04012,100.0,65.6,7.5,59.4,51.9,Pass
S04013,93.4,59.6,3.7,69.0,87.6,Fail
S04014,90.3,83.0,4.7,87.2,71.3,Pass
S04015,69.9,67.1,7.2,80.4,65.8,Pass
S04016,64.9,71.8,2.5,63.3,88.4,Pass
S04017,72.0,85.9,3.0,76.1,70.1,Pass
S04018,72.6,71.1,3.1,75.3,69.9,Pass
S04019,89.8,55.1,2.6,57.7,66.2,Pass
S04020,83.3,63.1,1.6,61.1,48.6,Pass
S04021,67.3,68.6,3.6,71.3,48.7,Fail
S04022,79.2,71.4,3.8,70.9,63.4,Pass
S04023,69.7,53.2,2.6,72.3,51.4,Pass
S04024,80.1,47.4,3.0,55.9,56.4,Fail
S04025,65.9,64.8,3.3,68.0,49.0,Pass
S04026,76.2,46.9,1.7,48.0,63.8,Pass
S04027,79.2,82.3,3.4,64.8,38.0,Fail
S04028,71.8,76.9,4.5,65.4,69.8,Pass
S04029,92.2,49.8,1.7,67.9,68.7,Pass
S04030,76.6,66.8,6.1,73.7,71.0,Pass
S04031,62.4,59.3,1.7,55.4,55.5,Fail
S04032,84.7,55.0,2.0,82.7,55.5,Pass
S04033,81.7,53.2,3.9,83.7,68.1,Fail
S04034,84.8,58.0,4.4,81.6,83.7,Pass
S04035,62.4,61.7,4.1,66.1,54.3,Fail
S04036,86.7,46.5,4.2,82.8,77.8,Pass
S04037,100.0,69.1,3.6,73.3,94.1,Pass
S04038,65.9,68.3,3.5,77.7,47.0,Fail
S04039,79.4,54.1,2.7,51.2,59.7,Fail
S04040,70.4,54.2,3.5,59.5,54.1,Fail
S04041,100.0,58.8,3.5,71.7,50.4,Pass
S04042,89.2,46.5,2.7,75.3,73.5,Pass
S04043,81.3,67.7,2.9,55.7,70.9,Pass
S04044,62.4,41.0,1.3,48.6,58.5,Fail
S04045,66.6,48.3,4.1,58.2,47.3,Fail
S04046,84.9,65.1,3.7,63.0,67.2,Pass
S04047,65.6,58.8,1.3,71.9,50.6,Fail
S04048,59.6,50.4,4.2,90.7,62.8,Pass
S04049,75.0,40.9,3.2,68.0,57.6,Pass
S04050,80.4,67.4,2.3,60.2,77.8,Fail
S04051,85.7,72.3,2.5,62.8,68.4,Pass
S04052,74.0,56.7,2.5,62.3,67.8,Pass
S04053,88.5,56.2,2.4,61.4,71.4,Pass
S04054,68.8,58.0,2.3,65.2,61.3,Pass
S04055,86.6,73.4,7.1,75.1,71.2,Pass
S04056,82.3,67.6,4.0,65.4,72.0,Pass
S04057,87.5,88.1,8.4,91.0,62.5,Pass
S04058,92.0,77.0,4.0,66.0,75.5,Pass
S04059,77.2,67.5,4.5,70.3,79.6,Pass
S04060,70.9,69.6,2.3,70.7,69.6,Pass
S04061,64.7,65.8,3.2,75.9,63.9,Pass
S04062,63.4,73.6,3.7,86.7,75.5,Pass
S04063,74.4,70.1,3.9,63.8,57.4,Pass
S04064,72.8,47.8,3.0,69.5,60.2,Pass
S04065,68.7,65.0,3.9,61.9,54.4,Fail
S04066,72.2,79.2,4.0,77.7,84.0,Pass
S04067,89.1,58.3,2.7,66.4,81.1,Fail
S04068,86.3,58.5,2.8,78.5,57.8,Pass
S04069,66.4,44.6,2.5,50.7,73.9,Fail
S04070,66.7,18.6,3.9,38.2,66.0,Fail
S04071,81.7,82.2,2.9,71.2,54.0,Fail
S04072,71.2,64.7,3.7,41.6,41.4,Fail
S04073,69.9,55.5,3.1,68.8,81.3,Fail
S04074,81.4,80.1,6.1,87.9,76.0,Pass
S04075,83.9,41.7,1.3,50.1,51.7,Fail
S04076,86.2,51.7,3.4,54.8,60.6,Pass
S04077,62.3,28.5,1.4,33.2,43.3,Fail
S04078,81.2,43.9,3.7,57.1,94.7,Pass
S04079,74.8,37.6,3.0,58.2,57.4,Fail
S04080,67.0,41.7,1.7,55.5,65.9,Fail
S04081,80.6,84.0,4.4,69.6,87.9,Pass
S04082,69.8,61.1,4.0,71.4,86.1,Pass
S04083,89.4,69.2,3.1,64.2,78.5,Pass
S04084,91.1,69.3,3.0,78.9,58.7,Pass
S04085,79.3,72.9,4.0,71.8,71.7,Pass
S04086,71.2,59.7,5.3,68.8,42.3,Pass
S04087,85.1,56.6,2.6,53.6,59.3,Pass
S04088,83.1,42.4,4.0,45.4,54.1,Fail
S04089,67.4,71.2,3.1,47.2,70.9,Fail
S04090,80.6,89.4,6.1,59.2,90.9,Pass
S04091,87.1,99.6,4.0,76.0,90.0,Pass
S04092,71.5,41.5,2.6,68.1,78.1,Fail
S04093,79.5,51.2,1.9,68.4,60.3,Fail
S04094,65.3,51.8,2.8,39.8,71.5,Fail
S04095,75.1,73.0,2.6,66.2,70.1,Pass
S04096,69.5,28.5,4.7,38.3,65.8,Fail
S04097,67.0,50.3,2.5,68.7,78.7,Fail
S04098,60.9,84.2,2.8,82.7,76.1,Pass
S04099,88.7,61.4,4.4,66.0,52.4,Pass
S04100,70.6,45.6,5.2,63.6,76.3,Fail
S04101,99.7,57.0,4.8,83.7,74.1,Pass
S04102,96.8,68.6,5.2,71.5,74.9,Pass
S04103,71.1,47.1,2.9,52.4,63.8,Pass
S04104,100.0,83.1,4.1,84.0,84.5,Pass
S04105,85.8,49.6,7.1,55.7,77.6,Pass
S04106,73.5,52.5,7.2,76.6,66.4,Pass
S04107,46.1,54.6,3.3,48.7,53.8,Fail
S04108,89.8,79.2,6.1,65.6,66.7,Pass
S04109,84.9,73.6,5.6,80.7,82.8,Pass
S04110,82.9,57.9,2.1,65.2,68.9,Pass
S04111,79.1,83.4,3.5,75.8,63.1,Pass
S04112,70.4,74.4,6.5,78.2,71.0,Pass
S04113,70.8,68.7,4.1,64.4,55.2,Pass
S04114,87.2,62.2,3.5,68.3,65.8,Pass
S04115,71.9,55.8,5.5,66.8,64.1,Pass
S04116,71.2,61.3,3.6,52.9,64.6,Fail
S04117,68.0,68.1,5.2,64.7,53.2,Pass
S04118,83.5,71.3,4.4,47.1,77.0,Fail
S04119,66.4,50.3,3.8,59.0,57.7,Fail
S04120,84.2,60.1,3.9,52.3,56.3,Pass
S04121,69.0,43.3,5.2,63.6,49.1,Fail
S04122,79.2,75.8,6.5,55.5,70.7,Fail
S04123,94.0,56.7,2.4,51.4,53.2,Fail
S04124,74.0,64.3,4.0,73.3,82.4,Pass
S04125,75.0,74.7,6.1,63.8,52.3,Fail
S04126,83.8,58.4,3.1,68.8,54.9,Pass
S04127,66.9,65.7,2.2,70.3,62.0,Pass
S04128,88.7,65.7,2.2,63.0,66.6,Fail
S04129,86.8,67.0,2.3,69.2,77.2,Fail
S04130,79.9,48.5,2.4,65.5,64.5,Pass
S04131,52.8,66.6,2.8,76.0,61.4,Pass
S04132,73.4,53.8,4.6,52.0,55.9,Fail
S04133,63.7,60.7,3.1,65.2,59.7,Pass
S04134,88.5,78.0,5.5,70.9,71.0,Pass
S04135,84.2,56.2,1.8,47.7,53.6,Fail
S04136,80.1,57.4,2.7,59.0,46.3,Pass
S04137,71.7,66.6,4.1,75.1,82.2,Pass
S04138,92.8,72.5,4.7,66.9,81.2,Pass
S04139,72.3,47.1,4.6,48.2,56.8,Fail
S04140,95.9,59.2,2.8,52.7,69.5,Fail
S04141,80.8,69.5,4.9,69.2,48.6,Pass
S04142,96.5,99.9,2.6,100.0,68.3,Pass
S04143,74.5,40.0,4.9,53.0,48.0,Pass
S04144,89.8,57.8,1.8,65.8,62.8,Fail
S04145,89.7,77.8,4.7,88.2,72.8,Pass
S04146,84.6,42.0,4.1,54.6,58.8,Fail
S04147,80.9,65.5,4.8,63.2,64.5,Pass
S04148,86.2,63.4,2.2,75.8,91.0,Pass
S04149,83.7,32.8,2.7,65.7,74.6,Pass
S04150,85.0,36.5,3.6,52.5,50.1,Pass
S04151,86.3,62.1,4.2,63.3,52.3,Pass
S04152,85.7,43.7,4.5,77.5,55.6,Pass
S04153,63.2,57.9,1.4,60.0,84.3,Pass
S04154,82.9,35.3,4.8,62.1,49.8,Fail
S04155,63.1,54.0,5.3,63.9,44.9,Pass
S04156,74.7,77.8,3.3,62.7,63.4,Pass
S04157,79.4,64.2,3.8,70.2,52.4,Pass
S04158,71.6,74.6,4.8,92.6,77.0,Pass
S04159,86.2,81.6,6.8,70.1,69.9,Pass
S04160,99.5,67.6,3.9,81.2,79.3,Pass
S04161,68.7,48.1,2.6,47.6,65.6,Fail
S04162,80.6,59.9,3.3,63.7,68.5,Pass
S04163,100.0,72.9,3.5,81.5,72.1,Pass
S04164,81.4,53.2,2.8,51.3,47.1,Fail
S04165,71.1,59.4,1.6,78.4,53.1,Pass
S04166,82.2,62.3,4.3,72.8,62.4,Fail
S04167,77.1,61.6,4.6,48.2,79.5,Pass
S04168,87.6,49.8,4.4,53.5,56.0,Pass
S04169,89.2,74.7,4.8,75.0,67.1,Pass
S04170,54.0,57.0,3.5,78.5,86.1,Pass
S04171,75.4,87.8,4.0,66.4,76.4,Pass
S04172,80.7,73.6,5.8,70.3,62.2,Pass
S04173,70.1,53.8,4.7,68.4,74.5,Fail
S04174,42.9,61.1,5.5,54.9,56.0,Pass
S04175,67.7,46.1,2.2,76.8,61.5,Fail
S04176,75.5,58.5,2.4,63.4,67.9,Pass
S04177,75.2,61.9,3.1,69.2,63.6,Pass
S04178,69.7,64.8,2.4,79.4,70.4,Pass
S04179,70.3,52.7,1.5,43.9,68.4,Fail
S04180,79.0,60.8,3.6,67.7,53.6,Pass
S04181,79.5,62.9,4.5,62.4,88.9,Fail
S04182,91.2,52.8,3.7,62.8,60.2,Pass
S04183,73.4,52.3,3.2,62.3,75.4,Fail
S04184,80.4,89.0,2.5,100.0,73.6,Pass
S04185,67.0,55.8,2.7,59.0,61.5,Pass
S04186,75.8,83.0,3.1,61.7,85.1,Pass
S04187,90.2,75.2,3.6,74.5,85.7,Pass
S04188,66.6,53.1,1.8,57.3,72.3,Fail
S04189,81.4,48.7,2.1,57.1,49.1,Fail
S04190,87.9,80.9,3.6,92.7,82.1,Pass
S04191,100.0,69.1,5.8,70.3,73.2,Pass
S04192,85.5,83.7,4.1,56.3,62.6,Pass
S04193,74.4,78.6,5.4,59.9,77.7,Pass
S04194,81.6,53.8,2.8,57.1,50.4,Fail
S04195,90.6,82.1,3.9,61.3,61.1,Pass
S04196,67.9,63.4,3.6,55.8,42.4,Fail
S04197,67.6,66.3,3.2,56.5,86.6,Pass
S04198,76.6,51.5,2.1,65.5,48.7,Pass
S04199,71.7,49.7,1.4,66.4,46.1,Fail
S04200,63.0,71.0,2.7,59.7,57.1,Fail
S04201,77.5,47.3,4.2,60.9,75.1,Fail
S04202,64.1,37.1,4.3,39.8,36.8,Fail
S04203,65.4,65.2,2.6,68.2,56.8,Pass
S04204,84.0,75.9,2.2,100.0,77.7,Pass
S04205,95.5,61.1,5.7,74.5,75.7,Pass
S04206,88.5,67.5,3.3,61.2,71.3,Pass
S04207,87.3,66.6,1.9,57.9,58.7,Pass
S04208,84.7,57.7,1.1,83.9,89.1,Pass
S04209,88.5,71.2,2.6,47.8,66.8,Pass
S04210,77.3,57.8,2.6,59.1,52.6,Pass
S04211,68.6,65.2,2.1,65.9,54.3,Pass
S04212,71.8,54.8,4.5,63.0,59.7,Pass
S04213,74.6,54.4,2.6,78.5,57.3,Pass
S04214,90.7,67.1,3.3,75.2,73.2,Pass
S04215,87.9,46.1,8.5,52.7,54.3,Pass
S04216,73.7,73.7,4.1,96.6,74.4,Pass
S04217,84.1,71.2,3.7,64.5,63.5,Pass
S04218,77.1,66.3,3.4,81.5,56.7,Fail
S04219,84.2,82.0,5.4,82.8,90.3,Pass
S04220,72.1,75.7,3.9,58.2,80.6,Pass
S04221,97.4,62.0,2.7,77.1,91.4,Pass
S04222,80.9,77.2,3.0,70.6,53.9,Pass
S04223,93.3,68.4,3.8,97.2,74.9,Pass
S04224,74.9,66.0,2.6,47.3,79.0,Fail
S04225,64.6,35.5,6.3,57.8,58.3,Pass
S04226,81.5,92.0,4.5,63.1,54.1,Fail
S04227,89.8,62.8,3.4,59.0,80.6,Pass
S04228,99.2,94.8,7.0,76.5,80.7,Pass
S04229,63.4,67.8,3.3,50.0,67.4,Pass
S04230,63.2,67.1,1.9,70.5,48.2,Fail
S04231,84.0,70.4,7.5,80.2,70.8,Pass
S04232,91.3,61.1,3.4,73.4,81.3,Pass
S04233,77.9,61.9,1.2,74.5,52.2,Pass
S04234,90.3,72.1,2.1,59.5,89.5,Pass
S04235,69.4,66.3,6.1,81.1,60.5,Pass
S04236,71.8,74.2,1.9,71.5,69.1,Pass
S04237,60.6,55.7,5.8,74.9,85.3,Pass
S04238,77.6,61.8,3.5,74.3,55.1,Pass
S04239,58.4,63.3,4.4,63.9,68.4,Pass
S04240,93.0,62.5,3.2,73.3,76.9,Pass
S04241,92.7,58.3,4.1,59.8,67.2,Pass
S04242,74.7,70.7,3.4,63.7,57.2,Pass
S04243,60.6,50.9,2.9,40.3,49.0,Fail
S04244,79.4,52.1,2.0,66.0,62.8,Pass
S04245,96.0,63.3,3.9,67.8,66.5,Pass
S04246,83.0,67.4,1.6,61.5,50.2,Fail
S04247,90.1,54.4,5.0,65.9,79.5,Pass
S04248,76.6,72.2,3.8,69.1,59.7,Pass
S04249,65.3,59.7,3.7,71.6,46.2,Fail
S04250,84.0,58.6,1.4,100.0,70.0,Pass
S04251,59.8,78.9,2.0,74.2,54.4,Pass
S04252,97.1,73.9,2.6,57.2,60.1,Pass
S04253,82.0,59.4,4.6,75.8,56.0,Pass
S04254,79.6,34.0,1.8,55.3,57.7,Fail
S04255,71.9,57.8,8.3,50.9,75.3,Fail
S04256,69.2,57.7,3.4,63.9,74.2,Pass
S04257,84.8,60.5,1.8,49.8,37.9,Pass
S04258,72.4,68.8,3.5,83.1,64.1,Pass
S04259,87.8,94.0,2.7,65.6,79.2,Pass
S04260,81.5,51.0,2.0,56.4,42.0,Fail
S04261,80.8,64.6,5.2,73.6,54.7,Pass
S04262,74.6,86.7,4.7,76.4,56.1,Pass
S04263,74.4,55.2,3.8,74.1,63.9,Fail
S04264,73.7,74.1,6.2,61.6,95.7,Pass
S04265,83.5,67.8,3.7,80.4,47.5,Pass
S04266,82.2,52.7,2.0,48.4,71.4,Pass
S04267,74.0,42.4,4.0,41.2,54.2,Pass
S04268,75.0,51.3,2.2,68.6,54.1,Fail
S04269,100.0,80.0,3.2,66.6,91.3,Pass
S04270,64.9,65.2,3.2,64.0,88.1,Pass
S04271,59.0,61.8,2.7,53.9,61.4,Fail
S04272,71.4,49.9,1.4,54.6,62.2,Pass
S04273,76.1,52.1,2.4,62.2,69.5,Pass
S04274,95.6,56.4,4.2,86.4,77.6,Pass
S04275,86.1,96.2,2.7,66.8,72.5,Pass
S04276,75.1,64.7,5.0,72.1,70.6,Pass
S04277,86.3,71.7,6.1,71.3,89.5,Pass
S04278,82.3,63.6,2.1,55.5,58.6,Pass
S04279,95.9,44.7,3.2,48.0,64.7,Fail
S04280,76.5,45.7,5.5,55.9,58.2,Fail
S04281,77.8,94.3,3.8,67.7,87.2,Pass
S04282,69.4,45.6,2.0,31.4,73.9,Fail
S04283,56.9,62.8,5.2,77.8,83.2,Pass
S04284,71.4,46.0,2.8,46.4,71.4,Fail
S04285,87.0,53.8,5.2,74.6,72.9,Pass
S04286,90.7,75.9,3.2,82.6,91.9,Pass
S04287,78.3,77.2,2.5,59.2,87.1,Pass
S04288,82.1,54.6,4.2,50.9,42.8,Pass
S04289,88.1,49.5,3.4,71.5,71.6,Pass
S04290,93.0,66.3,3.7,69.7,40.9,Pass
S04291,81.2,61.5,1.5,56.1,73.2,Pass
S04292,65.4,34.9,2.4,53.6,60.7,Fail
S04293,54.8,58.9,4.2,43.6,53.9,Pass
S04294,92.4,87.6,2.9,63.3,46.2,Fail
S04295,83.8,65.1,4.4,57.0,66.4,Pass
S04296,82.0,59.1,3.9,73.1,71.6,Pass
S04297,71.9,55.1,3.0,63.6,63.4,Pass
S04298,84.9,39.7,5.3,69.2,54.5,Fail
S04299,83.1,77.6,3.6,73.1,68.3,Pass
S04300,77.4,64.4,2.9,69.3,64.1,Pass
S04301,74.4,49.6,2.9,61.0,54.1,Pass
S04302,87.1,93.3,3.9,67.7,82.6,Pass
S04303,62.6,64.3,4.1,62.8,60.0,Fail
S04304,81.6,38.9,1.7,60.1,43.0,Pass
S04305,71.1,44.9,4.7,60.6,68.0,Fail
S04306,71.3,52.9,3.4,66.4,70.5,Fail
S04307,87.7,81.6,4.3,67.2,85.4,Pass
S04308,78.1,92.1,10.0,83.5,91.0,Pass
S04309,88.0,82.9,2.8,65.4,58.6,Pass
S04310,67.3,40.5,1.5,33.3,64.5,Fail
S04311,65.1,64.0,3.7,69.6,53.3,Pass
S04312,91.0,50.6,3.8,59.4,66.6,Pass
S04313,81.9,67.0,4.7,57.5,74.5,Pass
S04314,83.4,63.3,2.8,66.1,83.6,Pass
S04315,87.7,60.3,2.4,72.1,86.3,Pass
S04316,91.9,79.1,1.8,67.1,79.5,Pass
S04317,83.1,67.5,2.1,66.9,68.9,Fail
S04318,82.3,71.5,2.6,56.2,68.4,Pass
S04319,77.6,37.7,2.8,63.0,61.7,Fail
S04320,87.5,100.0,10.0,72.4,79.9,Pass
S04321,59.3,52.4,1.5,66.5,59.6,Pass
S04322,81.3,71.2,3.8,50.6,86.2,Pass
S04323,85.3,57.7,2.1,40.3,62.3,Pass
S04324,84.5,59.0,3.7,62.6,89.2,Pass
S04325,65.0,62.5,2.4,76.4,47.6,Pass
S04326,86.9,67.7,4.8,76.6,58.7,Pass
S04327,80.3,65.6,5.7,81.5,78.0,Pass
S04328,59.6,60.3,3.4,73.3,77.4,Pass
S04329,90.0,68.9,6.3,55.0,68.8,Pass
S04330,61.9,45.0,3.6,51.4,62.0,Fail
S04331,100.0,94.8,7.3,77.8,87.7,Pass
S04332,84.5,58.9,2.8,48.2,42.4,Fail
S04333,82.8,76.8,5.9,81.1,85.1,Pass
S04334,86.9,78.9,2.8,71.1,85.0,Pass
S04335,100.0,47.5,2.5,78.7,73.3,Pass
S04336,84.5,48.5,7.1,41.5,39.9,Pass
S04337,81.7,67.4,2.2,68.0,64.1,Pass
S04338,100.0,70.0,2.6,54.1,67.4,Pass
S04339,80.1,65.3,1.6,62.7,56.8,Fail
S04340,83.1,75.6,2.3,66.4,74.2,Pass
S04341,62.7,52.5,1.7,38.0,59.3,Pass
S04342,67.7,68.7,2.9,77.5,75.5,Pass
S04343,74.1,60.8,3.7,63.4,65.6,Fail
S04344,75.8,62.6,3.9,55.9,64.6,Fail
S04345,79.7,53.1,2.1,56.9,61.9,Pass
S04346,65.6,82.1,2.5,67.9,54.6,Pass
S04347,81.4,43.1,4.6,51.3,54.9,Pass
S04348,61.7,44.8,4.9,45.8,50.7,Fail
S04349,85.8,74.4,5.8,67.3,84.3,Pass
S04350,89.1,64.7,1.8,65.4,77.2,Pass
S04351,72.5,55.6,5.2,78.0,80.6,Pass
S04352,64.5,51.3,6.0,59.3,42.5,Fail
S04353,92.8,72.2,1.7,63.5,62.8,Fail
S04354,81.0,43.9,4.3,54.1,78.0,Pass
S04355,74.2,42.2,3.2,47.8,50.6,Fail
S04356,88.9,67.7,2.6,55.5,52.3,Pass
S04357,82.9,75.1,3.9,70.8,69.1,Pass
S04358,71.9,69.9,3.8,51.9,85.3,Pass
S04359,68.3,66.5,5.0,65.3,55.5,Pass
S04360,85.5,100.0,6.6,79.2,86.0,Pass
S04361,87.1,77.8,1.9,66.1,72.8,Pass
S04362,92.4,58.8,2.7,64.1,47.5,Fail
S04363,73.9,64.3,3.3,88.3,63.2,Pass
S04364,87.3,51.6,5.8,54.9,55.7,Pass
S04365,68.0,37.5,0.8,30.0,57.7,Fail
S04366,73.7,57.7,2.9,60.8,91.8,Pass
S04367,67.8,64.3,1.9,76.6,65.5,Fail
S04368,72.6,66.9,1.9,76.0,61.0,Pass
S04369,65.3,61.0,4.8,58.9,92.4,Pass
S04370,99.3,58.7,2.9,83.7,63.5,Pass
S04371,72.6,32.6,1.1,58.4,40.3,Pass
S04372,73.0,79.1,2.9,59.0,76.7,Fail
S04373,89.7,55.5,6.5,53.5,57.3,Fail
S04374,73.8,71.4,2.0,83.5,81.7,Pass
S04375,81.1,76.1,4.6,81.5,96.5,Pass
S04376,88.0,64.5,4.7,49.6,35.0,Pass
S04377,69.8,55.0,2.7,46.5,53.1,Fail
S04378,99.8,33.1,7.1,63.3,51.6,Pass
S04379,84.0,85.7,2.4,78.9,66.3,Pass
S04380,85.3,31.4,5.0,56.3,50.5,Fail
S04381,98.0,79.4,6.9,91.0,67.2,Pass
S04382,80.2,54.3,3.4,73.5,76.2,Pass
S04383,75.7,59.9,1.9,72.6,69.5,Pass
S04384,73.3,59.3,2.0,60.7,47.5,Fail
S04385,72.1,48.6,1.4,80.3,58.2,Pass
S04386,76.8,58.5,4.0,68.8,65.5,Pass
S04387,77.3,72.1,3.9,65.7,45.8,Pass
S04388,96.0,60.2,3.7,65.5,72.8,Pass
S04389,77.7,33.2,2.6,54.7,68.9,Fail
S04390,100.0,76.8,7.0,79.8,84.7,Pass
S04391,58.3,61.3,3.8,65.0,60.5,Fail
S04392,72.8,69.1,3.1,100.0,78.1,Pass
S04393,70.4,40.6,3.1,43.0,44.7,Fail
S04394,88.5,59.5,6.7,66.0,60.9,Pass
S04395,72.2,58.0,3.7,48.1,54.1,Fail
S04396,66.8,54.4,2.9,69.4,56.5,Fail
S04397,75.3,54.1,3.3,88.9,73.2,Pass
S04398,65.2,60.0,3.8,53.5,41.2,Fail
S04399,61.2,43.4,2.5,50.6,45.9,Fail
S04400,91.6,52.8,2.3,54.4,45.4,Fail
S04401,73.6,77.6,3.3,58.2,60.2,Pass
S04402,78.0,58.0,5.8,69.5,76.8,Pass
S04403,72.3,44.0,4.2,55.2,69.3,Pass
S04404,82.7,81.8,3.4,85.6,78.2,Pass
S04405,70.9,60.4,4.7,53.7,66.0,Pass
S04406,81.1,73.5,3.9,61.8,75.0,Pass
S04407,79.9,62.8,3.6,59.2,77.1,Pass
S04408,92.3,72.4,3.8,54.6,48.0,Pass
S04409,87.0,62.8,1.4,78.7,74.0,Pass
S04410,61.7,46.2,0.8,37.5,48.3,Fail
S04411,93.0,97.8,4.4,69.9,81.7,Pass
S04412,82.6,74.0,2.3,68.4,70.5,Pass
S04413,74.4,78.7,1.9,67.6,79.3,Pass
S04414,77.5,57.2,2.2,46.1,77.8,Pass
S04415,83.4,51.1,4.7,82.2,49.9,Pass
S04416,75.9,66.3,3.4,49.5,70.7,Pass
S04417,87.9,76.2,5.3,75.4,74.1,Fail
S04418,72.4,60.0,4.1,67.0,63.2,Pass
S04419,97.7,64.0,2.4,75.5,90.7,Pass
S04420,65.7,66.0,5.4,82.2,83.3,Pass
S04421,88.4,84.9,4.9,69.2,69.7,Pass
S04422,85.1,77.3,3.5,70.1,81.9,Pass
S04423,79.2,51.3,2.8,51.2,55.3,Fail
S04424,67.6,55.9,4.2,66.2,56.3,Fail
S04425,85.4,46.5,2.2,46.8,52.2,Fail
S04426,80.8,48.1,5.6,90.1,74.5,Pass
S04427,67.7,50.1,4.3,61.0,60.6,Pass
S04428,63.9,42.1,2.8,53.4,57.7,Fail
S04429,79.4,52.0,6.0,54.2,74.3,Pass
S04430,58.0,51.7,1.6,41.3,56.5,Fail
S04431,94.5,70.8,2.7,57.9,87.1,Pass
S04432,81.8,45.9,2.1,42.7,54.3,Fail
S04433,96.9,82.5,4.1,67.2,84.4,Pass
S04434,95.4,58.6,5.6,60.9,79.3,Pass
S04435,83.2,79.8,2.8,89.2,96.2,Pass
S04436,74.6,70.5,10.0,66.8,93.5,Pass
S04437,53.1,70.2,2.4,54.4,43.9,Fail
S04438,76.8,71.9,4.3,70.0,74.7,Pass
S04439,89.1,51.1,2.8,62.0,54.8,Pass
S04440,67.9,36.9,3.0,59.2,60.3,Pass
S04441,74.4,56.9,2.5,68.1,64.1,Fail
S04442,64.8,53.7,3.9,34.1,44.7,Fail
S04443,82.1,41.3,2.3,55.8,53.8,Pass
S04444,86.3,67.1,1.4,45.7,59.8,Fail
S04445,64.5,69.1,2.1,78.2,76.9,Pass
S04446,63.2,45.1,5.2,60.9,52.9,Pass
S04447,93.6,58.5,5.8,62.3,65.5,Pass
S04448,85.5,82.6,1.5,61.3,58.6,Pass
S04449,82.1,90.8,5.5,71.4,65.2,Pass
S04450,93.9,61.8,1.5,58.4,63.5,Pass
S04451,62.8,57.1,3.0,63.1,64.2,Fail
S04452,86.2,54.0,2.0,61.3,77.9,Pass
S04453,72.7,51.6,4.0,72.0,43.4,Pass
S04454,85.8,59.9,4.4,80.5,68.6,Pass
S04455,59.0,67.8,5.3,82.7,83.0,Pass
S04456,86.1,100.0,4.0,94.0,70.9,Pass
S04457,83.1,56.1,2.8,56.7,75.3,Pass
S04458,76.3,49.7,1.8,68.8,59.3,Pass
S04459,87.7,43.5,2.0,57.8,69.6,Pass
S04460,90.4,66.3,5.0,82.1,65.1,Pass
S04461,70.8,58.8,4.0,72.9,73.7,Pass
S04462,86.0,65.0,3.4,67.8,83.1,Pass
S04463,73.5,56.7,6.3,76.9,72.4,Pass
S04464,75.2,64.2,1.8,75.5,72.4,Fail
S04465,88.5,61.5,5.0,62.4,76.0,Pass
S04466,72.1,68.6,2.2,86.8,61.3,Pass
S04467,85.8,59.4,6.0,64.3,64.3,Pass
S04468,69.5,77.6,4.0,51.0,61.5,Fail
S04469,83.2,87.9,6.6,81.3,68.0,Pass
S04470,82.0,75.2,2.3,44.3,65.1,Pass
S04471,72.7,71.6,8.3,74.4,75.3,Pass
S04472,67.8,70.5,6.7,50.2,69.5,Fail
S04473,94.9,77.9,4.9,83.5,94.3,Pass
S04474,83.3,75.0,5.9,83.8,82.7,Pass
S04475,60.7,69.1,2.7,54.1,54.6,Fail
S04476,88.4,77.2,2.1,68.3,65.4,Pass
S04477,73.1,70.9,4.7,57.0,76.9,Pass
S04478,63.0,54.7,2.2,58.0,66.5,Pass
S04479,60.0,68.6,6.2,95.2,71.2,Pass
S04480,88.3,78.4,5.3,76.3,59.3,Pass
S04481,71.3,78.9,3.7,65.6,61.8,Pass
S04482,64.5,56.5,3.5,60.3,72.0,Pass
S04483,86.2,59.5,5.2,69.5,47.9,Fail
S04484,86.9,55.9,3.8,69.2,42.2,Fail
S04485,72.2,72.1,2.8,62.9,74.0,Pass
S04486,84.5,47.4,1.7,64.8,55.6,Fail
S04487,100.0,87.5,6.0,73.0,83.2,Fail
S04488,86.7,58.6,3.4,48.2,75.6,Pass
S04489,91.0,61.5,10.0,73.1,58.1,Pass
S04490,80.5,76.0,3.1,53.0,45.6,Pass
S04491,81.8,64.7,4.7,88.2,75.6,Pass
S04492,73.2,71.4,3.4,57.7,52.1,Pass
S04493,80.0,59.3,3.9,43.5,60.5,Pass
S04494,63.9,32.5,2.0,58.2,64.9,Fail
S04495,69.5,82.4,3.4,54.3,71.9,Pass
S04496,60.6,59.9,3.9,59.7,56.7,Fail
S04497,79.2,54.0,2.7,59.5,74.1,Fail
S04498,70.5,32.6,3.5,62.7,57.9,Fail
S04499,72.1,49.2,3.6,77.5,65.7,Pass
S04500,84.2,83.0,3.7,52.3,69.3,Pass
S04501,63.7,39.4,4.4,35.1,38.6,Fail
S04502,75.2,60.4,3.5,69.2,85.3,Pass
S04503,80.8,53.3,1.6,43.6,56.9,Pass
S04504,90.1,53.8,3.3,89.0,58.7,Pass
S04505,66.7,46.3,2.2,59.6,56.5,Fail
S04506,87.1,88.5,1.7,88.5,88.7,Pass
S04507,72.5,74.9,3.5,70.3,63.0,Pass
S04508,68.5,49.4,3.2,55.4,63.3,Fail
S04509,74.4,54.5,4.5,57.5,69.0,Pass
S04510,86.2,64.2,2.3,81.0,70.6,Pass
S04511,80.8,59.9,3.3,66.3,54.7,Fail
S04512,80.7,53.6,5.1,55.3,64.1,Pass
S04513,72.4,69.2,3.1,91.5,59.8,Pass
S04514,79.5,49.6,3.7,56.7,55.3,Fail
S04515,84.1,56.4,6.4,62.9,54.6,Pass
S04516,88.6,82.8,1.8,50.0,72.3,Pass
S04517,75.1,78.6,4.1,78.8,58.0,Pass
S04518,86.4,51.9,5.2,65.4,65.8,Pass
S04519,63.2,48.0,2.8,64.3,76.2,Fail
S04520,68.5,44.8,4.6,46.9,66.5,Pass
S04521,72.2,75.1,3.7,51.5,44.9,Fail
S04522,69.1,55.5,7.0,65.7,61.0,Fail
S04523,75.1,60.0,4.1,68.8,74.3,Pass
S04524,81.2,64.6,7.0,72.2,74.2,Pass
S04525,64.0,71.8,4.3,73.3,66.8,Pass
S04526,70.9,47.0,1.7,63.5,52.2,Fail
S04527,58.0,72.6,2.5,63.2,65.2,Pass
S04528,97.5,69.5,5.1,63.3,47.4,Pass
S04529,77.6,65.0,4.5,61.4,66.7,Pass
S04530,85.5,82.7,3.5,67.1,88.0,Fail
S04531,84.5,80.8,7.7,76.2,68.3,Pass
S04532,85.4,82.0,3.0,55.2,52.7,Pass
S04533,94.3,93.7,5.0,73.2,94.2,Pass
S04534,56.1,72.6,3.3,35.0,57.7,Pass
S04535,90.4,75.4,1.9,64.4,73.6,Pass
S04536,91.2,59.6,3.3,83.3,54.3,Pass
S04537,74.4,63.0,7.7,56.8,45.2,Fail
S04538,79.1,73.2,2.4,74.3,72.6,Pass
S04539,46.7,72.2,3.7,76.4,69.2,Fail
S04540,67.8,59.6,2.3,75.7,58.7,Fail
S04541,87.5,78.8,2.6,68.9,72.5,Pass
S04542,90.5,58.6,1.9,63.0,50.7,Pass
S04543,78.0,50.6,3.8,49.3,45.1,Pass
S04544,72.0,51.6,2.1,51.8,56.3,Fail
S04545,97.9,73.3,5.9,66.2,75.3,Pass
S04546,87.8,48.7,2.7,74.7,43.3,Pass
S04547,61.7,45.5,2.5,50.7,61.1,Pass
S04548,100.0,76.9,4.6,62.9,73.0,Pass
S04549,69.3,65.9,1.8,60.1,81.0,Pass
S04550,61.2,75.2,3.2,54.6,67.7,Pass
S04551,79.1,68.5,4.3,80.2,82.4,Pass
S04552,68.6,60.1,4.8,69.8,83.1,Pass
S04553,72.7,57.5,2.1,83.2,52.6,Pass
S04554,87.3,68.4,2.5,65.2,70.0,Pass
S04555,85.5,100.0,5.4,78.4,68.0,Pass
S04556,85.1,79.1,7.2,85.7,76.5,Pass
S04557,80.9,60.6,2.7,63.3,76.4,Fail
S04558,57.8,86.6,2.1,68.9,81.5,Pass
S04559,67.2,67.4,3.2,69.5,67.5,Pass
S04560,69.7,34.6,1.9,31.9,43.9,Fail
S04561,72.7,61.5,4.2,72.9,71.4,Pass
S04562,72.2,43.2,2.0,57.8,51.5,Fail
S04563,92.4,47.6,5.1,79.9,62.0,Pass
S04564,77.2,57.1,3.5,64.0,71.7,Pass
S04565,69.2,67.1,5.3,59.6,74.9,Pass
S04566,70.4,76.2,1.3,64.8,75.9,Pass
S04567,82.2,40.2,1.1,30.0,40.4,Fail
S04568,93.0,70.7,5.7,57.1,78.2,Pass
S04569,86.6,59.9,2.7,77.3,70.7,Pass
S04570,66.4,76.3,2.0,67.9,66.1,Pass
S04571,81.3,76.3,3.0,73.1,53.3,Fail
S04572,88.6,82.7,4.5,63.7,55.1,Pass
S04573,80.4,70.3,3.2,66.7,51.2,Fail
S04574,73.8,54.2,4.2,65.8,71.5,Fail
S04575,79.8,83.8,4.3,83.7,63.6,Pass
S04576,71.5,84.7,3.9,75.1,50.7,Pass
S04577,65.3,57.8,5.1,63.5,55.0,Fail
S04578,81.6,33.7,2.4,57.4,51.6,Fail
S04579,84.9,56.8,3.1,58.5,67.1,Pass
S04580,79.4,65.9,5.0,84.4,71.1,Pass
S04581,80.7,55.9,4.0,53.8,62.8,Pass
S04582,85.4,77.3,2.6,63.8,65.9,Pass
S04583,100.0,67.3,3.3,73.9,73.9,Pass
S04584,91.5,85.6,4.7,64.5,73.3,Pass
S04585,85.1,64.0,2.5,68.3,63.1,Pass
S04586,81.1,58.6,2.8,71.1,80.6,Fail
S04587,74.4,62.7,2.0,79.9,78.2,Pass
S04588,96.7,71.5,1.3,79.0,74.7,Pass
S04589,77.9,44.8,2.3,51.1,50.2,Fail
S04590,68.2,77.1,3.3,66.3,59.1,Pass
S04591,86.2,91.1,2.4,67.9,50.1,Pass
S04592,92.2,86.3,7.0,73.8,89.0,Pass
S04593,60.3,66.5,2.2,72.3,60.3,Pass
S04594,69.4,46.2,4.6,63.1,73.2,Fail
S04595,85.0,72.5,4.3,69.3,71.9,Pass
S04596,64.2,63.2,8.9,73.1,87.3,Pass
S04597,61.9,76.3,3.9,76.6,69.2,Fail
S04598,74.5,49.7,1.9,65.1,78.3,Fail
S04599,87.8,78.2,5.9,72.5,68.0,Pass
S04600,90.9,72.0,8.3,68.2,65.6,Pass
S04601,95.6,70.0,1.8,72.3,72.9,Pass
S04602,79.9,70.3,4.3,72.1,45.5,Fail
S04603,72.7,73.0,4.7,72.8,60.5,Pass
S04604,68.4,67.7,3.3,72.0,57.1,Pass
S04605,74.3,69.7,1.2,73.3,56.1,Fail
S04606,85.9,58.0,3.0,74.0,73.8,Pass
S04607,81.5,55.4,2.3,66.1,64.2,Pass
S04608,86.2,85.6,7.2,86.2,73.5,Pass
S04609,79.4,55.6,2.8,69.4,61.3,Fail
S04610,88.5,53.5,2.7,60.6,57.0,Fail
S04611,80.0,61.1,2.7,55.4,93.0,Pass
S04612,98.5,92.4,4.9,89.7,83.5,Pass
S04613,69.1,47.8,3.2,69.0,56.6,Pass
S04614,74.6,47.0,2.2,73.6,70.7,Fail
S04615,72.1,63.9,3.4,72.2,75.5,Pass
S04616,92.2,74.3,3.3,97.8,69.5,Pass
S04617,58.9,21.3,0.8,46.1,30.5,Fail
S04618,72.3,67.3,3.8,59.0,45.6,Pass
S04619,72.8,77.7,5.9,78.6,78.3,Pass
S04620,86.4,66.6,3.9,74.0,69.6,Pass
S04621,85.7,46.1,2.4,51.3,40.4,Fail
S04622,86.8,59.5,3.2,67.5,61.2,Pass
S04623,86.3,54.6,4.6,67.1,64.2,Pass
S04624,89.5,78.4,2.9,77.7,75.6,Pass
S04625,92.1,81.6,5.9,81.7,85.8,Pass
S04626,85.8,76.8,1.9,77.6,73.1,Pass
S04627,82.9,51.6,3.3,37.5,81.6,Fail
S04628,75.3,92.4,3.7,74.7,83.5,Pass
S04629,70.9,36.8,4.5,70.1,63.4,Fail
S04630,75.2,36.9,2.0,72.9,48.1,Pass
S04631,66.1,64.2,1.9,56.5,46.1,Fail
S04632,59.0,53.0,1.6,66.5,39.3,Pass
S04633,64.7,58.0,2.4,59.4,61.3,Pass
S04634,75.3,56.2,3.2,55.4,61.2,Pass
S04635,88.1,71.8,1.7,73.4,77.9,Pass
S04636,74.1,54.7,2.4,55.2,60.3,Fail
S04637,91.1,23.2,2.9,30.9,55.0,Fail
S04638,65.3,61.5,2.8,52.1,70.2,Pass
S04639,81.1,65.3,3.2,52.1,51.5,Fail
S04640,87.9,71.9,1.7,65.1,56.0,Fail
S04641,94.1,95.6,3.9,79.8,76.7,Pass
S04642,82.4,60.6,3.1,57.4,53.9,Pass
S04643,91.7,58.8,3.5,69.0,69.7,Pass
S04644,79.4,81.0,3.5,70.2,69.1,Pass
S04645,93.3,52.1,2.9,72.4,64.4,Pass
S04646,87.0,58.5,2.5,48.7,60.0,Fail
S04647,70.3,59.8,2.2,54.3,55.3,Pass
S04648,77.6,51.3,4.5,67.4,66.0,Pass
S04649,65.0,72.5,2.1,55.6,71.9,Pass
S04650,91.4,63.3,3.4,68.6,56.0,Pass
S04651,72.0,59.3,6.1,71.5,45.2,Fail
S04652,94.5,64.1,5.8,89.0,86.4,Pass
S04653,79.7,65.3,4.3,76.2,88.0,Pass
S04654,57.6,50.8,3.5,68.1,65.3,Pass
S04655,100.0,62.3,3.2,86.8,63.1,Fail
S04656,79.8,61.0,2.3,45.0,76.8,Pass
S04657,65.2,73.7,2.7,54.2,64.9,Pass
S04658,89.2,61.0,4.2,74.0,64.2,Pass
S04659,94.4,35.3,3.6,57.5,72.1,Fail
S04660,71.6,68.3,4.0,68.3,50.5,Pass
S04661,70.0,52.2,4.4,51.1,46.9,Pass
S04662,79.7,58.2,3.0,63.9,67.4,Pass
S04663,67.5,63.9,3.9,68.7,71.3,Pass
S04664,67.5,46.7,1.4,55.2,68.0,Pass
S04665,100.0,100.0,10.0,83.9,97.0,Pass
S04666,81.2,72.0,3.1,76.3,55.5,Pass
S04667,74.5,57.6,5.1,71.0,75.7,Pass
S04668,78.1,73.9,3.1,81.4,92.3,Pass
S04669,95.4,93.0,3.5,88.3,72.8,Pass
S04670,57.9,57.1,2.7,68.5,52.6,Pass
S04671,71.1,29.4,1.5,33.2,23.4,Fail
S04672,98.7,48.6,1.2,47.2,63.9,Pass
S04673,98.8,58.9,5.7,71.0,76.3,Pass
S04674,84.6,80.1,4.2,92.5,73.4,Pass
S04675,91.5,64.9,2.4,79.5,56.7,Pass
S04676,95.4,58.3,4.7,73.1,75.3,Pass
S04677,79.4,70.6,4.8,73.1,71.1,Pass
S04678,90.1,72.1,2.8,79.5,72.3,Pass
S04679,91.0,49.4,3.5,45.7,47.4,Fail
S04680,61.1,42.1,4.3,68.0,59.0,Fail
S04681,90.2,67.4,2.3,79.1,68.7,Pass
S04682,82.5,75.1,4.2,66.1,46.4,Pass
S04683,77.1,59.6,3.6,60.6,68.9,Pass
S04684,76.5,62.0,6.5,70.3,63.1,Pass
S04685,77.2,59.3,3.8,53.6,67.8,Fail
S04686,79.1,59.6,2.6,44.8,55.1,Fail
S04687,83.9,46.0,2.5,57.3,63.6,Pass
S04688,75.3,46.6,6.2,34.8,66.4,Pass
S04689,75.4,73.1,2.8,61.6,83.6,Pass
S04690,67.6,71.9,3.9,71.0,70.6,Pass
S04691,79.1,61.0,3.5,81.0,78.1,Pass
S04692,82.4,63.7,5.3,77.7,53.1,Pass
S04693,70.0,74.1,5.4,73.8,66.7,Pass
S04694,84.4,75.2,3.0,80.2,45.2,Pass
S04695,82.3,80.1,2.8,59.8,56.2,Pass
S04696,90.3,58.3,2.9,72.7,89.8,Pass
S04697,71.9,82.9,1.8,68.6,60.0,Pass
S04698,71.1,62.7,3.4,73.5,39.9,Pass
S04699,93.0,84.0,3.9,75.2,82.5,Pass
S04700,80.2,71.2,2.4,81.0,58.7,Pass
S04701,80.2,57.6,1.8,68.5,80.0,Fail
S04702,83.2,64.0,3.4,73.8,49.8,Pass
S04703,76.2,56.1,3.0,54.8,48.4,Fail
S04704,67.1,65.3,4.0,68.1,80.9,Pass
S04705,93.8,67.4,2.4,77.2,56.8,Pass
S04706,74.1,52.3,4.2,73.4,68.3,Fail
S04707,95.4,74.0,3.3,72.9,72.2,Pass
S04708,65.2,61.8,4.5,61.1,55.7,Pass
S04709,76.6,45.9,2.0,52.7,62.9,Fail
S04710,79.5,64.9,5.6,68.1,70.1,Pass
S04711,61.4,68.6,6.4,55.2,74.9,Pass
S04712,82.6,51.9,3.2,68.3,82.0,Pass
S04713,65.8,73.6,4.5,65.3,100.0,Pass
S04714,72.2,36.6,4.1,56.2,64.7,Pass
S04715,86.4,71.3,2.0,66.4,60.6,Pass
S04716,80.6,78.7,3.4,88.0,82.5,Pass
S04717,69.4,60.0,4.0,58.4,69.7,Fail
S04718,84.6,34.3,7.1,62.0,46.2,Fail
S04719,77.0,76.3,2.1,72.6,67.5,Pass
S04720,73.1,70.2,6.5,67.8,78.9,Pass
S04721,79.7,39.0,2.2,52.9,30.5,Fail
S04722,64.8,63.2,2.9,50.7,48.8,Fail
S04723,73.5,71.4,5.4,47.8,59.3,Pass
S04724,85.2,61.6,7.1,69.8,67.5,Fail
S04725,66.4,62.7,4.1,63.6,93.6,Fail
S04726,98.7,69.5,6.1,60.9,65.3,Pass
S04727,75.8,64.3,2.2,61.7,64.7,Fail
S04728,82.6,67.3,2.4,67.2,58.5,Pass
S04729,87.8,65.0,2.0,58.0,65.1,Pass
S04730,75.8,75.0,2.6,83.3,63.1,Pass
S04731,73.9,65.3,4.1,57.3,59.8,Pass
S04732,77.0,64.1,3.5,64.1,93.7,Pass
S04733,93.7,100.0,8.8,75.6,90.2,Pass
S04734,59.0,58.6,5.7,46.2,45.0,Fail
S04735,64.1,76.5,3.0,61.3,76.1,Pass
S04736,91.9,54.8,2.5,53.0,68.8,Fail
S04737,67.5,78.1,4.8,83.5,61.0,Pass
S04738,85.5,70.7,6.2,69.8,70.5,Pass
S04739,80.3,68.4,4.4,69.0,69.1,Fail
S04740,76.9,40.4,4.4,74.0,52.4,Fail
S04741,90.4,63.8,4.0,79.3,45.9,Pass
S04742,76.5,50.8,2.2,74.8,69.2,Fail
S04743,74.8,66.2,2.0,54.6,63.2,Fail
S04744,75.6,50.3,3.2,67.2,75.0,Pass
S04745,73.4,79.7,3.0,48.0,55.0,Pass
S04746,71.9,71.1,3.8,76.1,55.9,Pass
S04747,76.6,93.6,3.5,58.6,79.8,Pass
S04748,88.8,40.8,1.4,48.0,54.0,Fail
S04749,81.2,68.9,1.2,56.5,67.8,Fail
S04750,66.8,27.8,3.6,54.1,53.9,Fail
S04751,90.8,73.4,2.8,71.5,92.6,Pass
S04752,65.2,58.9,3.1,81.4,76.0,Pass
S04753,92.9,63.2,2.8,76.8,74.1,Pass
S04754,84.8,44.1,1.9,58.7,64.5,Fail
S04755,100.0,70.6,2.9,71.4,75.8,Fail
S04756,85.5,44.3,4.6,75.3,43.8,Pass
S04757,83.4,60.1,3.1,60.5,71.1,Pass
S04758,93.5,72.3,4.8,88.8,93.2,Pass
S04759,67.5,65.5,4.0,74.7,34.1,Pass
S04760,71.3,60.8,3.5,65.5,67.2,Fail
S04761,79.1,76.7,4.7,76.6,50.6,Pass
S04762,100.0,75.0,4.8,65.0,86.2,Pass
S04763,70.4,61.4,6.0,67.0,69.0,Pass
S04764,75.5,85.6,5.7,90.0,85.6,Pass
S04765,85.6,78.0,5.7,84.9,76.9,Pass
S04766,86.6,57.7,2.4,58.7,83.5,Pass
S04767,68.2,63.2,3.3,54.5,71.6,Pass
S04768,88.9,67.6,1.8,53.5,71.4,Pass
S04769,85.2,40.8,4.8,56.1,67.2,Fail
S04770,95.5,83.2,3.2,64.1,74.1,Pass
S04771,82.8,65.0,2.8,77.6,62.2,Fail
S04772,66.9,32.4,1.4,52.4,34.0,Fail
S04773,92.8,54.0,3.1,58.8,77.8,Fail
S04774,81.6,58.2,3.2,76.4,67.4,Pass
S04775,86.3,56.7,6.7,62.0,38.0,Pass
S04776,98.8,81.1,5.1,74.5,77.0,Pass
S04777,83.0,57.4,2.4,48.4,55.2,Pass
S04778,62.7,60.4,1.4,59.6,53.4,Fail
S04779,67.0,67.6,1.3,51.1,62.9,Fail
S04780,73.5,57.0,2.2,50.4,62.6,Pass
S04781,83.9,42.8,1.9,61.8,93.1,Pass
S04782,87.5,65.2,4.5,75.2,92.8,Pass
S04783,95.0,48.0,2.8,60.7,67.5,Pass
S04784,84.0,58.3,3.5,63.2,70.9,Pass
S04785,76.3,73.7,2.3,83.0,78.7,Pass
S04786,60.7,58.1,2.9,53.4,57.5,Fail
S04787,84.3,73.1,1.6,56.1,65.4,Pass
S04788,76.7,55.3,3.2,67.8,72.1,Pass
S04789,71.8,98.3,5.9,92.5,81.6,Pass
S04790,81.4,84.8,3.1,76.2,80.4,Pass
S04791,62.2,44.2,3.2,54.3,49.1,Fail
S04792,63.3,38.2,1.0,44.4,44.4,Fail
S04793,81.8,82.7,1.6,56.8,60.6,Pass
S04794,70.4,61.5,3.7,49.6,55.9,Fail
S04795,79.1,72.5,5.8,75.6,46.7,Pass
S04796,66.3,48.2,2.7,56.4,64.7,Fail
S04797,73.1,42.1,8.2,74.2,76.4,Pass
S04798,72.3,71.8,2.1,73.8,83.8,Pass
S04799,71.7,51.5,2.4,67.0,50.8,Pass
S04800,65.8,47.9,3.3,51.4,67.7,Fail
S04801,84.2,67.6,4.0,66.1,66.2,Pass
S04802,82.8,53.3,2.8,59.3,77.9,Pass
S04803,89.3,71.1,2.2,69.2,58.8,Fail
S04804,99.1,77.2,4.8,58.5,69.3,Pass
S04805,83.1,54.5,3.3,64.9,45.8,Pass
S04806,75.4,49.7,2.4,41.3,48.7,Pass
S04807,93.0,69.6,5.2,80.5,80.2,Pass
S04808,80.8,64.9,2.9,68.3,63.6,Fail
S04809,76.2,59.5,2.9,62.9,43.6,Pass
S04810,75.2,65.1,3.1,51.1,60.0,Pass
S04811,69.1,68.8,2.4,60.8,68.2,Pass
S04812,84.8,52.7,2.2,49.5,78.5,Pass
S04813,74.9,47.2,2.7,51.1,56.7,Fail
S04814,91.5,72.4,3.3,66.7,71.0,Pass
S04815,87.6,71.7,1.6,72.4,61.2,Fail
S04816,60.2,35.1,3.6,48.6,44.3,Fail
S04817,97.0,85.1,4.2,88.2,69.9,Pass
S04818,54.6,74.5,2.1,64.6,53.6,Fail
S04819,98.0,80.2,6.8,68.9,65.0,Pass
S04820,59.0,44.1,2.8,44.3,67.5,Fail
S04821,81.5,43.2,1.8,57.9,54.4,Pass
S04822,80.2,43.1,5.7,48.5,51.3,Fail
S04823,94.4,73.8,6.9,71.9,78.8,Pass
S04824,68.7,72.4,2.1,61.5,61.9,Fail
S04825,62.9,62.7,3.2,71.8,70.7,Pass
S04826,73.0,50.7,2.5,86.7,64.1,Pass
S04827,75.2,52.4,1.5,50.3,51.8,Pass
S04828,59.4,55.2,3.7,62.7,54.5,Pass
S04829,84.3,75.1,5.5,65.2,85.9,Pass
S04830,60.1,31.9,3.4,45.6,50.9,Fail
S04831,79.7,61.6,2.9,51.1,63.1,Fail
S04832,69.2,43.0,3.8,55.8,65.4,Pass
S04833,91.9,78.1,1.8,52.3,67.4,Pass
S04834,72.5,43.2,6.2,57.0,45.3,Fail
S04835,76.2,64.0,2.0,47.7,53.2,Fail
S04836,71.9,70.3,2.3,47.2,72.1,Pass
S04837,55.1,39.6,2.0,42.2,57.3,Fail
S04838,72.0,49.3,2.3,53.5,60.7,Pass
S04839,90.1,65.0,3.6,77.4,56.8,Pass
S04840,85.8,57.5,3.2,74.5,62.2,Fail
S04841,74.4,64.8,3.6,65.7,68.1,Pass
S04842,59.8,53.7,2.1,54.8,43.3,Fail
S04843,78.5,31.9,2.9,37.2,63.6,Fail
S04844,77.3,75.7,1.9,60.4,56.6,Pass
S04845,86.2,59.9,4.4,59.6,44.2,Fail
S04846,79.9,71.9,4.9,80.3,66.1,Pass
S04847,66.3,65.2,3.7,85.5,69.3,Pass
S04848,86.0,66.3,2.8,70.0,69.1,Pass
S04849,75.9,52.3,3.4,50.5,76.1,Fail
S04850,91.2,63.2,2.3,66.1,72.5,Pass
S04851,77.6,59.8,3.2,66.1,48.9,Fail
S04852,77.6,69.3,3.0,61.5,48.4,Pass
S04853,90.4,84.7,10.0,79.4,77.7,Pass
S04854,63.7,53.5,1.6,55.0,54.8,Fail
S04855,70.7,60.7,1.1,68.2,75.1,Fail
S04856,82.8,76.9,3.0,73.9,93.4,Pass
S04857,64.5,46.6,1.4,38.5,74.9,Pass
S04858,72.8,67.2,2.3,64.2,56.6,Pass
S04859,93.9,61.3,1.8,54.6,72.4,Pass
S04860,87.2,59.3,2.2,65.8,69.0,Pass
S04861,72.2,45.9,1.8,52.9,42.7,Pass
S04862,94.8,67.5,5.3,55.0,49.8,Pass
S04863,69.5,69.7,3.5,72.7,72.3,Pass
S04864,100.0,67.3,5.4,75.0,53.4,Pass
S04865,69.9,49.0,3.0,63.7,50.5,Fail
S04866,96.8,71.7,4.9,67.8,59.2,Pass
S04867,93.0,62.9,2.6,40.8,61.9,Pass
S04868,60.8,78.1,6.0,74.1,77.5,Pass
S04869,100.0,77.3,5.3,88.9,81.5,Pass
S04870,71.1,70.8,2.5,56.4,60.8,Pass
S04871,68.9,32.1,3.7,48.5,35.1,Fail
S04872,84.3,73.2,3.4,69.6,72.3,Pass
S04873,62.2,35.2,2.6,59.7,56.6,Fail
S04874,78.5,41.5,3.0,51.0,51.5,Pass
S04875,66.7,56.5,3.9,63.8,71.2,Pass
S04876,77.5,52.4,1.3,46.4,49.9,Fail
S04877,94.2,64.1,3.2,65.4,65.3,Pass
S04878,84.6,63.5,4.7,53.3,67.5,Pass
S04879,76.0,75.5,3.9,62.9,63.6,Pass
S04880,79.5,43.0,1.8,69.2,64.1,Pass
S04881,64.7,57.3,1.2,79.0,67.2,Fail
S04882,71.4,61.7,6.8,70.5,79.4,Pass
S04883,71.2,65.4,2.8,54.8,67.0,Fail
S04884,84.8,69.1,5.9,61.6,62.8,Pass
S04885,84.2,48.4,4.8,74.1,65.5,Fail
S04886,82.3,70.4,2.3,49.3,68.4,Pass
S04887,79.6,58.9,1.3,63.1,65.6,Fail
S04888,76.2,80.6,3.4,92.8,77.9,Pass
S04889,91.3,51.7,3.2,55.4,70.3,Pass
S04890,76.9,78.0,4.6,70.1,75.9,Pass
S04891,84.8,94.5,2.3,71.1,73.3,Pass
S04892,71.8,50.3,3.0,55.3,46.9,Fail
S04893,79.7,47.8,3.1,50.7,72.8,Fail
S04894,69.0,52.7,4.4,59.2,48.0,Pass
S04895,84.9,39.8,2.6,63.6,64.7,Pass
S04896,90.7,77.0,3.9,82.2,60.1,Pass
S04897,90.0,72.1,4.0,70.4,82.1,Pass
S04898,85.1,64.2,5.5,76.9,84.6,Pass
S04899,76.0,55.5,2.5,82.0,68.2,Pass
S04900,100.0,58.9,0.9,57.2,79.7,Fail
S04901,59.9,52.7,2.3,35.8,49.1,Fail
S04902,86.9,51.9,3.1,68.8,76.1,Pass
S04903,82.0,74.7,2.1,75.6,58.3,Pass
S04904,79.2,63.8,1.9,70.8,71.7,Pass
S04905,88.6,73.5,3.4,84.1,70.9,Pass
S04906,79.3,70.0,3.7,64.6,75.1,Pass
S04907,85.7,88.4,3.8,72.6,71.1,Pass
S04908,77.8,39.6,1.2,68.0,68.7,Pass
S04909,100.0,50.6,1.5,50.7,55.0,Fail
S04910,88.0,71.9,5.2,63.0,98.7,Pass
S04911,80.5,57.8,2.8,55.7,45.5,Fail
S04912,85.9,59.6,3.5,64.5,72.1,Pass
S04913,96.4,76.3,2.0,71.4,71.7,Pass
S04914,66.2,63.0,2.9,60.1,64.1,Pass
S04915,82.0,77.8,3.3,80.5,69.0,Pass
S04916,60.6,57.7,2.6,58.4,69.4,Fail
S04917,72.9,41.8,1.5,36.2,47.5,Fail
S04918,86.2,65.4,2.3,67.8,86.0,Pass
S04919,67.2,52.2,7.6,64.1,61.1,Pass
S04920,95.2,85.9,3.3,90.7,71.3,Pass
S04921,71.5,77.2,4.4,79.3,56.4,Pass
S04922,79.2,68.5,3.4,90.7,63.2,Pass
S04923,80.8,68.4,3.0,59.5,52.1,Pass
S04924,87.9,62.7,2.2,59.1,63.9,Pass
S04925,64.1,69.6,4.8,60.8,48.6,Pass
S04926,85.8,89.7,4.4,82.7,65.4,Pass
S04927,90.3,56.6,2.8,73.7,64.1,Fail
S04928,85.2,62.8,3.0,80.0,71.6,Pass
S04929,90.0,82.4,6.2,79.5,76.9,Pass
S04930,89.6,68.0,1.2,76.6,73.8,Pass
S04931,75.7,87.8,4.1,58.8,62.6,Pass
S04932,90.2,71.0,3.7,63.4,64.2,Fail
S04933,84.6,71.1,3.1,79.3,71.2,Pass
S04934,78.3,66.4,3.8,74.9,70.6,Fail
S04935,89.3,51.6,3.9,64.6,61.7,Pass
S04936,70.7,54.6,1.9,61.6,42.9,Fail
S04937,82.8,63.1,4.8,67.9,89.9,Pass
S04938,63.7,56.9,3.0,57.8,60.3,Fail
S04939,100.0,60.5,3.4,70.6,73.0,Pass
S04940,95.5,27.1,3.1,44.8,62.9,Pass
S04941,79.4,50.1,4.6,74.3,90.9,Pass
S04942,81.5,47.5,7.9,54.3,74.6,Pass
S04943,78.0,53.8,4.1,52.1,67.9,Fail
S04944,71.0,57.7,4.2,50.3,52.9,Fail
S04945,79.4,50.4,3.5,67.0,58.9,Pass
S04946,85.8,68.6,9.0,82.2,59.9,Pass
S04947,68.2,66.6,2.2,60.0,71.9,Fail
S04948,82.6,54.9,1.7,65.9,75.7,Fail
S04949,77.7,57.1,3.5,75.9,72.7,Fail
S04950,84.9,64.9,4.8,69.7,78.7,Pass
S04951,82.6,80.8,1.4,74.7,68.5,Pass
S04952,71.0,44.9,3.0,67.6,66.0,Pass
S04953,86.3,58.6,3.1,72.2,74.4,Pass
S04954,74.8,40.1,3.6,58.5,28.8,Fail
S04955,95.4,82.0,4.5,52.1,77.3,Pass
S04956,91.2,81.1,2.1,99.6,100.0,Pass
S04957,75.0,74.5,2.2,72.2,63.4,Pass
S04958,74.1,30.9,1.8,68.2,23.4,Fail
S04959,62.9,68.3,4.8,64.7,61.5,Pass
S04960,93.9,48.5,3.4,42.6,39.8,Fail
S04961,78.4,44.1,2.4,60.1,54.4,Pass
S04962,100.0,68.3,3.8,69.3,57.2,Pass
S04963,71.7,83.2,2.2,74.0,77.9,Pass
S04964,66.5,49.6,7.1,70.9,71.0,Pass
S04965,79.7,55.5,3.9,59.4,65.1,Fail
S04966,82.6,50.7,4.6,65.0,80.2,Pass
S04967,80.4,44.1,5.5,66.8,56.9,Pass
S04968,75.3,44.4,4.3,53.8,58.9,Fail
S04969,71.8,55.2,3.2,60.1,87.4,Pass
S04970,65.4,62.1,3.2,78.1,74.8,Pass
S04971,80.8,59.0,5.4,75.3,71.1,Fail
S04972,61.5,32.6,2.8,62.7,47.6,Fail
S04973,70.2,66.0,2.8,73.4,68.5,Pass
S04974,64.9,42.1,5.2,30.0,35.5,Fail
S04975,81.1,44.8,2.2,60.7,81.1,Pass
S04976,94.0,53.5,1.5,53.8,44.6,Pass
S04977,88.1,67.4,5.0,66.2,77.0,Pass
S04978,93.6,60.3,2.7,65.2,76.3,Pass
S04979,89.0,77.2,4.6,76.0,56.6,Pass
S04980,79.5,40.6,6.3,50.6,73.3,Pass
S04981,100.0,77.7,2.1,60.2,67.4,Pass
S04982,66.6,68.6,3.3,78.4,53.1,Pass
S04983,67.7,47.3,4.8,42.2,57.7,Fail
S04984,83.3,92.6,5.5,83.1,70.7,Pass
S04985,81.3,45.9,2.6,61.3,53.5,Pass
S04986,68.9,60.7,9.1,77.7,63.5,Pass
S04987,87.1,80.8,3.4,76.4,59.2,Pass
S04988,85.1,84.5,4.0,71.1,55.1,Pass
S04989,84.2,51.2,6.0,67.8,71.1,Fail
S04990,89.1,69.7,5.5,85.4,75.4,Pass
S04991,86.5,58.9,4.6,55.6,57.7,Pass
S04992,77.7,61.6,2.3,49.5,61.6,Fail
S04993,81.5,63.7,5.1,56.3,62.5,Pass
S04994,68.7,64.6,3.3,65.9,53.2,Pass
S04995,71.8,61.3,2.6,64.4,60.9,Fail
S04996,98.5,77.6,4.2,89.8,92.3,Pass
S04997,69.8,59.7,3.4,62.4,73.1,Fail
S04998,87.6,57.9,7.7,73.8,65.5,Pass
S04999,83.8,53.3,3.9,76.2,50.1,Pass
S05000,85.8,47.8,2.2,56.4,41.1,Fail
